TimeSliceSorted,Region,Average PV (ore/kWh),Period
01_SP_01,NO1,63.629570394716595,2030
01_SP_01,NO1,89.1592846331376,2035
01_SP_01,NO1,95.1777052726584,2040
01_SP_01,NO1,97.0543900979288,2045
01_SP_01,NO1,89.7902768651491,2050
01_SP_01,NO2,62.3569789965487,2030
01_SP_01,NO2,87.4319770812925,2035
01_SP_01,NO2,94.7039691942574,2040
01_SP_01,NO2,95.2748058448619,2045
01_SP_01,NO2,88.0803047113084,2050
01_SP_01,NO3,61.5407130577664,2030
01_SP_01,NO3,84.082825172269,2035
01_SP_01,NO3,91.4086681303894,2040
01_SP_01,NO3,94.50629384136509,2045
01_SP_01,NO3,85.560407047099,2050
01_SP_01,NO4,60.3098988122217,2030
01_SP_01,NO4,82.4011688381675,2035
01_SP_01,NO4,90.9817818049336,2040
01_SP_01,NO4,94.50629366077291,2045
01_SP_01,NO4,83.8491991201175,2050
01_SP_01,NO5,62.79664605198089,2030
01_SP_01,NO5,87.3760989751928,2035
01_SP_01,NO5,93.2741511881502,2040
01_SP_01,NO5,95.1133022946595,2045
01_SP_01,NO5,87.9944713256843,2050
01_SP_02,NO1,63.6206730008573,2030
01_SP_02,NO1,89.1592846314732,2035
01_SP_02,NO1,95.1777052713153,2040
01_SP_02,NO1,97.0543900965764,2045
01_SP_02,NO1,89.7902768613416,2050
01_SP_02,NO2,62.348259550448596,2030
01_SP_02,NO2,87.4319770812836,2035
01_SP_02,NO2,94.7039691942359,2040
01_SP_02,NO2,95.274805844842,2045
01_SP_02,NO2,88.0803047112505,2050
01_SP_02,NO3,61.5407130577644,2030
01_SP_02,NO3,83.9938900618575,2035
01_SP_02,NO3,91.408668125843,2040
01_SP_02,NO3,94.3330891127497,2045
01_SP_02,NO3,85.0379700180133,2050
01_SP_02,NO4,60.30989881221289,2030
01_SP_02,NO4,82.3140122838996,2035
01_SP_02,NO4,90.87032273374861,2040
01_SP_02,NO4,94.3330889134331,2045
01_SP_02,NO4,83.3372106646845,2050
01_SP_02,NO5,62.796646051972004,2030
01_SP_02,NO5,87.3760989751318,2035
01_SP_02,NO5,93.2741511880004,2040
01_SP_02,NO5,95.1133022939855,2045
01_SP_02,NO5,87.9944713235661,2050
01_SP_03,NO1,63.727004401905006,2030
01_SP_03,NO1,89.1592846354832,2035
01_SP_03,NO1,95.17770527043271,2040
01_SP_03,NO1,97.0543900658467,2045
01_SP_03,NO1,89.79027686028931,2050
01_SP_03,NO2,62.4524643238524,2030
01_SP_03,NO2,87.4319770812811,2035
01_SP_03,NO2,94.7039691942231,2040
01_SP_03,NO2,95.2748058448252,2045
01_SP_03,NO2,88.08030471153009,2050
01_SP_03,NO3,61.540713057820405,2030
01_SP_03,NO3,84.3844798685151,2035
01_SP_03,NO3,91.4086681215863,2040
01_SP_03,NO3,94.2286946448157,2045
01_SP_03,NO3,84.8391089545612,2050
01_SP_03,NO4,60.30989881220491,2030
01_SP_03,NO4,82.6967904453283,2035
01_SP_03,NO4,91.0463107129762,2040
01_SP_03,NO4,94.2286944234747,2045
01_SP_03,NO4,83.1423268242242,2050
01_SP_03,NO5,62.7966460519728,2030
01_SP_03,NO5,87.37609897523019,2035
01_SP_03,NO5,93.274151187906,2040
01_SP_03,NO5,95.1133022874513,2045
01_SP_03,NO5,87.9944713231797,2050
01_SP_04,NO1,63.7760634326862,2030
01_SP_04,NO1,89.1592846499915,2035
01_SP_04,NO1,95.177705298939,2040
01_SP_04,NO1,97.0543900930762,2045
01_SP_04,NO1,89.79027685726541,2050
01_SP_04,NO2,62.5005421666615,2030
01_SP_04,NO2,87.4319770810024,2035
01_SP_04,NO2,94.7039691931779,2040
01_SP_04,NO2,95.2748058446906,2045
01_SP_04,NO2,88.08030470914319,2050
01_SP_04,NO3,61.540713065198204,2030
01_SP_04,NO3,84.7191889371671,2035
01_SP_04,NO3,91.4086681079963,2040
01_SP_04,NO3,94.27474832590279,2045
01_SP_04,NO3,84.7544011838134,2050
01_SP_04,NO4,60.3098988126074,2030
01_SP_04,NO4,83.0248053387545,2035
01_SP_04,NO4,91.2681323834142,2040
01_SP_04,NO4,94.2747480408691,2045
01_SP_04,NO4,83.059313212557,2050
01_SP_04,NO5,62.796646052003496,2030
01_SP_04,NO5,87.3760989758358,2035
01_SP_04,NO5,93.2741511937736,2040
01_SP_04,NO5,95.1133022924279,2045
01_SP_04,NO5,87.99447132211,2050
01_SP_05,NO1,63.776063436015,2030
01_SP_05,NO1,89.1592846694232,2035
01_SP_05,NO1,95.1777052983113,2040
01_SP_05,NO1,97.0543900897846,2045
01_SP_05,NO1,89.790276855065,2050
01_SP_05,NO2,62.50054216762889,2030
01_SP_05,NO2,87.4319770808499,2035
01_SP_05,NO2,94.703969192434,2040
01_SP_05,NO2,95.2748058439488,2045
01_SP_05,NO2,88.0803047088544,2050
01_SP_05,NO3,61.5407130797489,2030
01_SP_05,NO3,83.993893848636,2035
01_SP_05,NO3,91.6736245325018,2040
01_SP_05,NO3,94.7530336332306,2045
01_SP_05,NO3,85.56040705557079,2050
01_SP_05,NO4,60.309898813532,2030
01_SP_05,NO4,82.3140161922028,2035
01_SP_05,NO4,89.8401535259664,2040
01_SP_05,NO4,94.7530332136118,2045
01_SP_05,NO4,84.664536323499,2050
01_SP_05,NO5,62.7966460520826,2030
01_SP_05,NO5,87.3760989790198,2035
01_SP_05,NO5,93.274151194663,2040
01_SP_05,NO5,95.11330229118269,2045
01_SP_05,NO5,87.994471321872,2050
01_SP_06,NO1,63.7760634398968,2030
01_SP_06,NO1,89.1592846741729,2035
01_SP_06,NO1,95.1777053067441,2040
01_SP_06,NO1,97.0543901035444,2045
01_SP_06,NO1,89.7902768608579,2050
01_SP_06,NO2,62.5005421690194,2030
01_SP_06,NO2,87.431977081008,2035
01_SP_06,NO2,94.7039691929543,2040
01_SP_06,NO2,95.2748058440992,2045
01_SP_06,NO2,88.0803047172393,2050
01_SP_06,NO3,61.5407131214626,2030
01_SP_06,NO3,85.6285769791421,2035
01_SP_06,NO3,92.2264917687338,2040
01_SP_06,NO3,95.2905394325927,2045
01_SP_06,NO3,86.84131516178789,2050
01_SP_06,NO4,60.3098988690068,2030
01_SP_06,NO4,84.2097910149949,2035
01_SP_06,NO4,92.226491400383,2040
01_SP_06,NO4,95.2905393411683,2045
01_SP_06,NO4,86.8413150246667,2050
01_SP_06,NO5,62.796646052435506,2030
01_SP_06,NO5,87.37609898171999,2035
01_SP_06,NO5,93.2741512006881,2040
01_SP_06,NO5,95.1133022975285,2045
01_SP_06,NO5,87.9944713252602,2050
01_SP_07,NO1,63.776063444204894,2030
01_SP_07,NO1,89.15928467587369,2035
01_SP_07,NO1,95.1777053061943,2040
01_SP_07,NO1,97.0543900938363,2045
01_SP_07,NO1,89.7902768611483,2050
01_SP_07,NO2,62.500542170212,2030
01_SP_07,NO2,87.4319770790706,2035
01_SP_07,NO2,94.70396915267989,2040
01_SP_07,NO2,95.1133023627748,2045
01_SP_07,NO2,88.0803047088312,2050
01_SP_07,NO3,61.540713089326594,2030
01_SP_07,NO3,85.2082519511503,2035
01_SP_07,NO3,91.4086681772995,2040
01_SP_07,NO3,94.50671175320261,2045
01_SP_07,NO3,87.2336089900194,2050
01_SP_07,NO4,60.3098988145269,2030
01_SP_07,NO4,83.5040869754805,2035
01_SP_07,NO4,91.3641451095047,2040
01_SP_07,NO4,94.5067116000964,2045
01_SP_07,NO4,87.2336088390417,2050
01_SP_07,NO5,62.796646052535195,2030
01_SP_07,NO5,87.3760989824997,2035
01_SP_07,NO5,93.2741511988412,2040
01_SP_07,NO5,95.1133022931227,2045
01_SP_07,NO5,87.9944713255465,2050
01_SP_08,NO1,63.77606342007711,2030
01_SP_08,NO1,87.3760989610243,2035
01_SP_08,NO1,89.2293306055676,2040
01_SP_08,NO1,87.5286553455156,2045
01_SP_08,NO1,83.0233061569151,2050
01_SP_08,NO2,62.5005421589219,2030
01_SP_08,NO2,85.6285769967786,2035
01_SP_08,NO2,87.4447439887886,2040
01_SP_08,NO2,85.778081665127,2045
01_SP_08,NO2,81.3628400187602,2050
01_SP_08,NO3,61.540713068932305,2030
01_SP_08,NO3,83.99389003947951,2035
01_SP_08,NO3,89.2293302979068,2040
01_SP_08,NO3,88.4979948703408,2045
01_SP_08,NO3,78.427874677967,2050
01_SP_08,NO4,60.3098988134701,2030
01_SP_08,NO4,82.31401227827949,2035
01_SP_08,NO4,87.4447437082123,2040
01_SP_08,NO4,86.7280353416453,2045
01_SP_08,NO4,76.8593172036087,2050
01_SP_08,NO5,62.796646052624894,2030
01_SP_08,NO5,87.3760989727358,2035
01_SP_08,NO5,91.05033734044319,2040
01_SP_08,NO5,89.3149544206659,2045
01_SP_08,NO5,84.7176592932977,2050
01_SP_09,NO1,63.7760633801026,2030
01_SP_09,NO1,85.62857690745821,2035
01_SP_09,NO1,82.04066288387949,2040
01_SP_09,NO1,79.83046663294189,2045
01_SP_09,NO1,71.0292945771988,2050
01_SP_09,NO2,62.500542115413204,2030
01_SP_09,NO2,83.9160053720095,2035
01_SP_09,NO2,80.39984961350521,2040
01_SP_09,NO2,64.1947932643575,2045
01_SP_09,NO2,60.541870509833494,2050
01_SP_09,NO3,61.54071306691971,2030
01_SP_09,NO3,82.66229199859859,2035
01_SP_09,NO3,82.0406623780869,2040
01_SP_09,NO3,80.6426998236591,2045
01_SP_09,NO3,70.3551200004753,2050
01_SP_09,NO4,60.30989880713601,2030
01_SP_09,NO4,81.0090461696425,2035
01_SP_09,NO4,80.3998491475779,2040
01_SP_09,NO4,79.02984663500061,2045
01_SP_09,NO4,68.9480176945819,2050
01_SP_09,NO5,62.79664605267671,2030
01_SP_09,NO5,87.3760988727463,2035
01_SP_09,NO5,83.7149621134821,2040
01_SP_09,NO5,81.4596598152122,2045
01_SP_09,NO5,72.4788719949041,2050
01_SP_10,NO1,63.776063382063604,2030
01_SP_10,NO1,74.4442543591594,2035
01_SP_10,NO1,75.7713214302428,2040
01_SP_10,NO1,73.97402312793069,2045
01_SP_10,NO1,56.2431749469181,2050
01_SP_10,NO2,62.5005421171213,2030
01_SP_10,NO2,72.955369273196,2035
01_SP_10,NO2,74.2558949626331,2040
01_SP_10,NO2,56.2620337498584,2045
01_SP_10,NO2,54.0468088636621,2050
01_SP_10,NO3,61.5407130672235,2030
01_SP_10,NO3,72.5846946484296,2035
01_SP_10,NO3,75.2122058228305,2040
01_SP_10,NO3,74.6667363879881,2045
01_SP_10,NO3,57.75775504523379,2050
01_SP_10,NO4,60.309898807258904,2030
01_SP_10,NO4,71.1330007667641,2035
01_SP_10,NO4,73.7079617239914,2040
01_SP_10,NO4,73.1734031415706,2045
01_SP_10,NO4,56.60260009831391,2050
01_SP_10,NO5,62.7966460527049,2030
01_SP_10,NO5,75.96352484506289,2035
01_SP_10,NO5,77.3176749148486,2040
01_SP_10,NO5,75.4836970540303,2045
01_SP_10,NO5,57.3909948222795,2050
01_SP_11,NO1,63.776063361926695,2030
01_SP_11,NO1,70.3466976541571,2035
01_SP_11,NO1,72.71580798515859,2040
01_SP_11,NO1,72.43316242461421,2045
01_SP_11,NO1,54.029191399855904,2050
01_SP_11,NO2,62.500542097380006,2030
01_SP_11,NO2,68.9397637012519,2035
01_SP_11,NO2,64.3332322048569,2040
01_SP_11,NO2,55.6973478725187,2045
01_SP_11,NO2,52.948607431535905,2050
01_SP_11,NO3,61.5407130663855,2030
01_SP_11,NO3,67.6860492703578,2035
01_SP_11,NO3,72.0943339664217,2040
01_SP_11,NO3,72.4331630039017,2045
01_SP_11,NO3,55.4985890097401,2050
01_SP_11,NO4,60.309898807103,2030
01_SP_11,NO4,66.33232829529331,2035
01_SP_11,NO4,70.652447309125,2040
01_SP_11,NO4,71.6325425025883,2045
01_SP_11,NO4,55.498589067999504,2050
01_SP_11,NO5,62.79664605262381,2030
01_SP_11,NO5,71.7823445328168,2035
01_SP_11,NO5,74.19980405115321,2040
01_SP_11,NO5,73.9113902113603,2045
01_SP_11,NO5,55.131827935441905,2050
01_SP_12,NO1,63.7760633173015,2030
01_SP_12,NO1,68.874719824956,2035
01_SP_12,NO1,71.8105144437379,2040
01_SP_12,NO1,71.94698364539201,2045
01_SP_12,NO1,52.903251712376004,2050
01_SP_12,NO2,62.5005420534623,2030
01_SP_12,NO2,67.497225428253,2035
01_SP_12,NO2,64.3332252636024,2040
01_SP_12,NO2,55.5960145107969,2045
01_SP_12,NO2,51.8451865832558,2050
01_SP_12,NO3,61.5407130644295,2030
01_SP_12,NO3,66.243510918251,2035
01_SP_12,NO3,71.1705649932742,2040
01_SP_12,NO3,72.23162747281711,2045
01_SP_12,NO3,54.349670242228,2050
01_SP_12,NO4,60.309898806625405,2030
01_SP_12,NO4,64.9186407086773,2035
01_SP_12,NO4,69.7471537163847,2040
01_SP_12,NO4,71.1463636858722,2045
01_SP_12,NO4,53.2626769809596,2050
01_SP_12,NO5,62.796646052539494,2030
01_SP_12,NO5,70.2803263392304,2035
01_SP_12,NO5,73.2760351306614,2040
01_SP_12,NO5,73.41528941715549,2045
01_SP_12,NO5,53.9829098877108,2050
01_SP_13,NO1,63.776063264137896,2030
01_SP_13,NO1,68.3572116232526,2035
01_SP_13,NO1,71.6938059998217,2040
01_SP_13,NO1,72.2318226365471,2045
01_SP_13,NO1,53.1886503981486,2050
01_SP_13,NO2,62.50054200132,2030
01_SP_13,NO2,66.9900673912979,2035
01_SP_13,NO2,70.2599297636072,2040
01_SP_13,NO2,55.671189140902,2045
01_SP_13,NO2,52.1248773219487,2050
01_SP_13,NO3,61.540713063209296,2030
01_SP_13,NO3,65.7363529012366,2035
01_SP_13,NO3,71.0514748869649,2040
01_SP_13,NO3,72.23182364723421,2045
01_SP_13,NO3,54.6408936805062,2050
01_SP_13,NO4,60.309898806250395,2030
01_SP_13,NO4,64.4216258515424,2035
01_SP_13,NO4,69.6304454079751,2040
01_SP_13,NO4,71.43120268651191,2045
01_SP_13,NO4,53.5480760851939,2050
01_SP_13,NO5,62.796646052502794,2030
01_SP_13,NO5,69.7522567460814,2035
01_SP_13,NO5,73.1569448824457,2040
01_SP_13,NO5,73.70594144793701,2045
01_SP_13,NO5,54.2741330351257,2050
01_SP_14,NO1,63.776063249719506,2030
01_SP_14,NO1,69.9563836898307,2035
01_SP_14,NO1,72.8407966515775,2040
01_SP_14,NO1,73.4979791289952,2045
01_SP_14,NO1,64.1059994973952,2050
01_SP_14,NO2,62.5005419872568,2030
01_SP_14,NO2,68.5572560177808,2035
01_SP_14,NO2,71.3839807002421,2040
01_SP_14,NO2,59.313382246214,2045
01_SP_14,NO2,55.1508252890474,2050
01_SP_14,NO3,61.5407130629118,2030
01_SP_14,NO3,67.3035415964157,2035
01_SP_14,NO3,72.2218737759388,2040
01_SP_14,NO3,74.1809782172855,2045
01_SP_14,NO3,63.431825165922206,2050
01_SP_14,NO4,60.3098988061969,2030
01_SP_14,NO4,65.9574707732746,2035
01_SP_14,NO4,70.7774363179734,2040
01_SP_14,NO4,72.697359140266,2045
01_SP_14,NO4,62.1631887548909,2050
01_SP_14,NO5,62.7966460525022,2030
01_SP_14,NO5,71.38406497771851,2035
01_SP_14,NO5,74.3273435073604,2040
01_SP_14,NO5,74.99793787072801,2045
01_SP_14,NO5,65.4142851774071,2050
01_SP_15,NO1,63.776063307362406,2030
01_SP_15,NO1,85.62857699901801,2035
01_SP_15,NO1,76.3536135199558,2040
01_SP_15,NO1,76.674652675027,2045
01_SP_15,NO1,71.292703007615,2050
01_SP_15,NO2,62.500542043931205,2030
01_SP_15,NO2,83.9160054627594,2035
01_SP_15,NO2,74.82654124400571,2040
01_SP_15,NO2,66.195035682687,2045
01_SP_15,NO2,56.951640026839904,2050
01_SP_15,NO3,61.540713063705006,2030
01_SP_15,NO3,83.9938806192832,2035
01_SP_15,NO3,76.3536134035307,2040
01_SP_15,NO3,77.422482187876,2045
01_SP_15,NO3,73.1144169527984,2050
01_SP_15,NO4,60.3098988062754,2030
01_SP_15,NO4,82.3140030159955,2035
01_SP_15,NO4,74.8265411518871,2040
01_SP_15,NO4,75.8740326922103,2045
01_SP_15,NO4,71.6521287292949,2050
01_SP_15,NO5,62.7966460525509,2030
01_SP_15,NO5,87.3760989574896,2035
01_SP_15,NO5,77.9118505182681,2040
01_SP_15,NO5,78.2394414909224,2045
01_SP_15,NO5,72.7476561101474,2050
01_SP_16,NO1,63.7760633076216,2030
01_SP_16,NO1,86.98735126568741,2035
01_SP_16,NO1,91.4086681611756,2040
01_SP_16,NO1,83.3178167040154,2045
01_SP_16,NO1,81.4998595585441,2050
01_SP_16,NO2,62.5005420442512,2030
01_SP_16,NO2,85.2476042465548,2035
01_SP_16,NO2,89.5804947973515,2040
01_SP_16,NO2,81.6514603518828,2045
01_SP_16,NO2,69.5285556687551,2050
01_SP_16,NO3,61.540713065034694,2030
01_SP_16,NO3,83.9938897569635,2035
01_SP_16,NO3,90.26912064257421,2040
01_SP_16,NO3,84.2012210540586,2045
01_SP_16,NO3,78.42787457472511,2050
01_SP_16,NO4,60.309898813065196,2030
01_SP_16,NO4,82.3140119676975,2035
01_SP_16,NO4,88.46373824178809,2040
01_SP_16,NO4,82.5171967256786,2045
01_SP_16,NO4,76.8593171298444,2050
01_SP_16,NO5,62.796646052540595,2030
01_SP_16,NO5,87.3760989714833,2035
01_SP_16,NO5,93.2741511606293,2040
01_SP_16,NO5,85.0181802977325,2045
01_SP_16,NO5,83.1631219592125,2050
01_SP_17,NO1,63.776063442768894,2030
01_SP_17,NO1,89.1592846839677,2035
01_SP_17,NO1,95.177705406993,2040
01_SP_17,NO1,97.0543901699717,2045
01_SP_17,NO1,89.7902769962417,2050
01_SP_17,NO2,62.5005421695667,2030
01_SP_17,NO2,87.43197708120519,2035
01_SP_17,NO2,94.7039691930092,2040
01_SP_17,NO2,95.2748058430643,2045
01_SP_17,NO2,88.0803047037194,2050
01_SP_17,NO3,61.540713068016395,2030
01_SP_17,NO3,85.2856354054546,2035
01_SP_17,NO3,91.904887518666,2040
01_SP_17,NO3,95.7729463815003,2045
01_SP_17,NO3,90.3841587858962,2050
01_SP_17,NO4,60.3098988132093,2030
01_SP_17,NO4,83.5799227401409,2035
01_SP_17,NO4,91.90488733282879,2040
01_SP_17,NO4,95.7729463099759,2045
01_SP_17,NO4,90.3841587361814,2050
01_SP_17,NO5,62.7966460524706,2030
01_SP_17,NO5,87.3760989880889,2035
01_SP_17,NO5,93.2741512944573,2040
01_SP_17,NO5,95.11330234856919,2045
01_SP_17,NO5,87.9944714274221,2050
01_SP_18,NO1,63.7760634458765,2030
01_SP_18,NO1,89.1592846981061,2035
01_SP_18,NO1,95.177705459292,2040
01_SP_18,NO1,97.05439041025299,2045
01_SP_18,NO1,89.8778619014701,2050
01_SP_18,NO2,62.5005421737567,2030
01_SP_18,NO2,87.4319770831956,2035
01_SP_18,NO2,94.7039691981684,2040
01_SP_18,NO2,95.2748058480135,2045
01_SP_18,NO2,88.0803047078222,2050
01_SP_18,NO3,61.5407130863377,2030
01_SP_18,NO3,85.6285770514079,2035
01_SP_18,NO3,92.2195478889597,2040
01_SP_18,NO3,96.0368842769302,2045
01_SP_18,NO3,90.5657971545415,2050
01_SP_18,NO4,60.3098988142738,2030
01_SP_18,NO4,83.9500060505349,2035
01_SP_18,NO4,92.21954769943241,2040
01_SP_18,NO4,96.0368842056406,2045
01_SP_18,NO4,91.0588907421586,2050
01_SP_18,NO5,62.79664605243251,2030
01_SP_18,NO5,87.37609900182801,2035
01_SP_18,NO5,93.2741513452822,2040
01_SP_18,NO5,95.11330257359421,2045
01_SP_18,NO5,88.0803046514905,2050
01_SP_19,NO1,63.7760634448793,2030
01_SP_19,NO1,89.1592846987154,2035
01_SP_19,NO1,95.1777054769998,2040
01_SP_19,NO1,97.0543904279829,2045
01_SP_19,NO1,89.87786189919629,2050
01_SP_19,NO2,62.500542173187,2030
01_SP_19,NO2,87.4319770930726,2035
01_SP_19,NO2,94.7039691982148,2040
01_SP_19,NO2,95.2748058462637,2045
01_SP_19,NO2,88.0803047077969,2050
01_SP_19,NO3,61.5407130853167,2030
01_SP_19,NO3,85.6285770495341,2035
01_SP_19,NO3,92.29353648480671,2040
01_SP_19,NO3,96.1448326057579,2045
01_SP_19,NO3,90.56579635122709,2050
01_SP_19,NO4,60.30989881420739,2030
01_SP_19,NO4,83.9737711259778,2035
01_SP_19,NO4,92.2935362721268,2040
01_SP_19,NO4,96.1448325376708,2045
01_SP_19,NO4,91.07545398536601,2050
01_SP_19,NO5,62.796646052395396,2030
01_SP_19,NO5,87.37609900235739,2035
01_SP_19,NO5,93.274151362563,2040
01_SP_19,NO5,95.1133025908327,2045
01_SP_19,NO5,88.0803046490692,2050
01_SP_20,NO1,63.7760634430839,2030
01_SP_20,NO1,89.1592846825896,2035
01_SP_20,NO1,95.1777054055393,2040
01_SP_20,NO1,97.054390263293,2045
01_SP_20,NO1,89.87786189648911,2050
01_SP_20,NO2,62.500542172231306,2030
01_SP_20,NO2,87.4319770848832,2035
01_SP_20,NO2,94.7039691981771,2040
01_SP_20,NO2,95.2748058451627,2045
01_SP_20,NO2,88.0803047077562,2050
01_SP_20,NO3,61.540713066917604,2030
01_SP_20,NO3,85.2715761355327,2035
01_SP_20,NO3,91.9075050443503,2040
01_SP_20,NO3,96.070181512441,2045
01_SP_20,NO3,90.6980220956031,2050
01_SP_20,NO4,60.309898813020006,2030
01_SP_20,NO4,83.5661446641775,2035
01_SP_20,NO4,91.9075048649083,2040
01_SP_20,NO4,96.070181444041,2045
01_SP_20,NO4,92.5490009839765,2050
01_SP_20,NO5,62.7966460523033,2030
01_SP_20,NO5,87.3760989870586,2035
01_SP_20,NO5,93.2741512931487,2040
01_SP_20,NO5,95.1133024338112,2045
01_SP_20,NO5,88.0803046466728,2050
01_SP_21,NO1,63.7760634132023,2030
01_SP_21,NO1,89.1592846792433,2035
01_SP_21,NO1,95.1777053542408,2040
01_SP_21,NO1,97.0543901706975,2045
01_SP_21,NO1,89.877861867097,2050
01_SP_21,NO2,62.5005421682941,2030
01_SP_21,NO2,87.43197708313299,2035
01_SP_21,NO2,94.7039691980748,2040
01_SP_21,NO2,95.2748058451251,2045
01_SP_21,NO2,88.0803047074532,2050
01_SP_21,NO3,61.5407130661216,2030
01_SP_21,NO3,84.9728882663523,2035
01_SP_21,NO3,91.732869388241,2040
01_SP_21,NO3,95.98409514084611,2045
01_SP_21,NO3,90.5657955881643,2050
01_SP_21,NO4,60.309898812901395,2030
01_SP_21,NO4,83.2734305640906,2035
01_SP_21,NO4,91.7328692022739,2040
01_SP_21,NO4,95.9840950712167,2045
01_SP_21,NO4,92.051101979859,2050
01_SP_21,NO5,62.7966460522279,2030
01_SP_21,NO5,87.37609898462361,2035
01_SP_21,NO5,93.2741512437527,2040
01_SP_21,NO5,95.11330234878349,2045
01_SP_21,NO5,88.0803046156615,2050
01_SP_22,NO1,63.77606340702751,2030
01_SP_22,NO1,89.15928464564,2035
01_SP_22,NO1,95.1777053008594,2040
01_SP_22,NO1,97.0543901323315,2045
01_SP_22,NO1,89.790276943639,2050
01_SP_22,NO2,62.5005421671916,2030
01_SP_22,NO2,87.4319770823794,2035
01_SP_22,NO2,94.7039691959132,2040
01_SP_22,NO2,95.27480584498001,2045
01_SP_22,NO2,88.0803047068479,2050
01_SP_22,NO3,61.540713065531996,2030
01_SP_22,NO3,84.231103972042,2035
01_SP_22,NO3,91.4086681804892,2040
01_SP_22,NO3,95.2029341907904,2045
01_SP_22,NO3,88.1763394383396,2050
01_SP_22,NO4,60.3098988127943,2030
01_SP_22,NO4,82.54648197437601,2035
01_SP_22,NO4,91.1520573160266,2040
01_SP_22,NO4,95.2029341181405,2045
01_SP_22,NO4,88.17633939455,2050
01_SP_22,NO5,62.796646052141895,2030
01_SP_22,NO5,87.37609897578929,2035
01_SP_22,NO5,93.27415119566601,2040
01_SP_22,NO5,95.1133023169043,2045
01_SP_22,NO5,87.9944713806385,2050
01_SP_23,NO1,63.7760634018422,2030
01_SP_23,NO1,89.15928464076009,2035
01_SP_23,NO1,95.17770527725591,2040
01_SP_23,NO1,97.054390101689,2045
01_SP_23,NO1,89.7902768737177,2050
01_SP_23,NO2,62.500542166801594,2030
01_SP_23,NO2,87.43197708234631,2035
01_SP_23,NO2,94.7039691946778,2040
01_SP_23,NO2,95.2748058449236,2045
01_SP_23,NO2,88.08030470677281,2050
01_SP_23,NO3,61.540713065019396,2030
01_SP_23,NO3,83.993890037788,2035
01_SP_23,NO3,91.4086681553395,2040
01_SP_23,NO3,95.0174938203714,2045
01_SP_23,NO3,87.332315239562,2050
01_SP_23,NO4,60.3098988126995,2030
01_SP_23,NO4,82.314012277845,2035
01_SP_23,NO4,90.7227053496764,2040
01_SP_23,NO4,95.0174936673834,2045
01_SP_23,NO4,87.33231505571119,2050
01_SP_23,NO5,62.7966460520811,2030
01_SP_23,NO5,87.3760989755239,2035
01_SP_23,NO5,93.27415118873691,2040
01_SP_23,NO5,95.1133022968232,2045
01_SP_23,NO5,87.99447133181779,2050
01_SP_24,NO1,63.7760633624366,2030
01_SP_24,NO1,89.15928463596791,2035
01_SP_24,NO1,95.17770527440311,2040
01_SP_24,NO1,97.05439009912921,2045
01_SP_24,NO1,89.7902768634676,2050
01_SP_24,NO2,62.50054211450019,2030
01_SP_24,NO2,87.4319770813069,2035
01_SP_24,NO2,94.7039691942817,2040
01_SP_24,NO2,95.2748058448727,2045
01_SP_24,NO2,88.0803047033962,2050
01_SP_24,NO3,61.540713063118595,2030
01_SP_24,NO3,83.99389003721821,2035
01_SP_24,NO3,91.4086681370825,2040
01_SP_24,NO3,94.3239930720519,2045
01_SP_24,NO3,84.36723276768019,2050
01_SP_24,NO4,60.309898812535096,2030
01_SP_24,NO4,82.3140122777786,2035
01_SP_24,NO4,90.8019094657895,2040
01_SP_24,NO4,94.3239929070114,2045
01_SP_24,NO4,82.6798881558155,2050
01_SP_24,NO5,62.7966460520171,2030
01_SP_24,NO5,87.3760989753049,2035
01_SP_24,NO5,93.2741511883612,2040
01_SP_24,NO5,95.11330229532601,2045
01_SP_24,NO5,87.9944713244513,2050
02_SU_01,NO1,59.8189277085914,2030
02_SU_01,NO1,82.4933559846953,2035
02_SU_01,NO1,85.8160325314646,2040
02_SU_01,NO1,82.21345417753011,2045
02_SU_01,NO1,67.1361759453807,2050
02_SU_01,NO2,60.991586374304305,2030
02_SU_01,NO2,83.7860850069126,2035
02_SU_01,NO2,86.8196312285767,2040
02_SU_01,NO2,82.21345429049549,2045
02_SU_01,NO2,68.5063019982379,2050
02_SU_01,NO3,57.6627203447073,2030
02_SU_01,NO3,79.5897742715154,2035
02_SU_01,NO3,83.7526718047228,2040
02_SU_01,NO3,80.5691852999163,2045
02_SU_01,NO3,60.9972914572718,2050
02_SU_01,NO4,56.509466040768906,2030
02_SU_01,NO4,79.58977412290339,2035
02_SU_01,NO4,83.7526716074428,2040
02_SU_01,NO4,81.4128342691872,2045
02_SU_01,NO4,59.77734586085241,2050
02_SU_01,NO5,58.839506928215805,2030
02_SU_01,NO5,80.8434889389994,2035
02_SU_01,NO5,84.09971200468729,2040
02_SU_01,NO5,80.5691851183701,2045
02_SU_01,NO5,65.7934524417391,2050
02_SU_02,NO1,59.769726698161605,2030
02_SU_02,NO1,81.8168150259772,2035
02_SU_02,NO1,85.6018205307181,2040
02_SU_02,NO1,82.0938861300047,2045
02_SU_02,NO1,67.1361759252875,2050
02_SU_02,NO2,60.989515046057704,2030
02_SU_02,NO2,83.4865455805751,2035
02_SU_02,NO2,86.81963118904,2040
02_SU_02,NO2,82.093886533403,2045
02_SU_02,NO2,68.5063019829238,2050
02_SU_02,NO3,57.6145048547325,2030
02_SU_02,NO3,78.9267641459297,2035
02_SU_02,NO3,83.8897839549678,2040
02_SU_02,NO3,80.4520085666733,2045
02_SU_02,NO3,61.082605515232295,2050
02_SU_02,NO4,56.462214850716705,2030
02_SU_02,NO4,79.60687233468771,2035
02_SU_02,NO4,83.8897837299227,2040
02_SU_02,NO4,81.6470243150414,2045
02_SU_02,NO4,59.860953711683706,2050
02_SU_02,NO5,58.5743893594785,2030
02_SU_02,NO5,80.180478794335,2035
02_SU_02,NO5,83.8897842291228,2040
02_SU_02,NO5,80.4520084335181,2045
02_SU_02,NO5,65.7934524216563,2050
02_SU_03,NO1,59.7722750724221,2030
02_SU_03,NO1,81.1556961844073,2035
02_SU_03,NO1,85.4803912944055,2040
02_SU_03,NO1,81.45814509293339,2045
02_SU_03,NO1,67.1361759074294,2050
02_SU_03,NO2,60.99211707979269,2030
02_SU_03,NO2,82.8119347571307,2035
02_SU_03,NO2,86.5398580487372,2040
02_SU_03,NO2,82.092260489135,2045
02_SU_03,NO2,68.5063019722735,2050
02_SU_03,NO3,57.6170014080934,2030
02_SU_03,NO3,78.2788676781566,2035
02_SU_03,NO3,83.7707834466026,2040
02_SU_03,NO3,79.8289827448248,2045
02_SU_03,NO3,60.9792567664298,2050
02_SU_03,NO4,56.4646614681425,2030
02_SU_03,NO4,79.5742190220687,2035
02_SU_03,NO4,83.7707832182311,2040
02_SU_03,NO4,81.4581454455069,2045
02_SU_03,NO4,59.7596720551529,2050
02_SU_03,NO5,58.5768415158415,2030
02_SU_03,NO5,79.5325823285599,2035
02_SU_03,NO5,83.77078356856511,2040
02_SU_03,NO5,79.828982217678,2045
02_SU_03,NO5,65.7934524038584,2050
02_SU_04,NO1,59.7808087839599,2030
02_SU_04,NO1,81.26922026406899,2035
02_SU_04,NO1,84.679923049064,2040
02_SU_04,NO1,80.45838335737349,2045
02_SU_04,NO1,67.1361756694132,2050
02_SU_04,NO2,61.0008251618127,2030
02_SU_04,NO2,82.927775746379,2035
02_SU_04,NO2,86.4080846381123,2040
02_SU_04,NO2,82.1003911032535,2045
02_SU_04,NO2,68.5063019538384,2050
02_SU_04,NO3,57.6654512892408,2030
02_SU_04,NO3,78.3901212631317,2035
02_SU_04,NO3,82.98632461662541,2040
02_SU_04,NO3,80.2245879529838,2045
02_SU_04,NO3,60.4919720678967,2050
02_SU_04,NO4,56.512142371473395,2030
02_SU_04,NO4,79.61252556695601,2035
02_SU_04,NO4,84.00013540822559,2040
02_SU_04,NO4,81.86182434325039,2045
02_SU_04,NO4,60.0688006206607,2050
02_SU_04,NO5,58.585193842242596,2030
02_SU_04,NO5,79.6438359150285,2035
02_SU_04,NO5,82.98632466702,2040
02_SU_04,NO5,78.8492157147039,2045
02_SU_04,NO5,65.79345216966729,2050
02_SU_05,NO1,59.7808087717235,2030
02_SU_05,NO1,81.3240354803568,2035
02_SU_05,NO1,84.2969973148078,2040
02_SU_05,NO1,80.45838327832931,2045
02_SU_05,NO1,65.9180512443054,2050
02_SU_05,NO2,61.0008251719172,2030
02_SU_05,NO2,82.9837096587232,2035
02_SU_05,NO2,86.0173441744843,2040
02_SU_05,NO2,82.1003910728686,2045
02_SU_05,NO2,68.506301946392,2050
02_SU_05,NO3,57.779637782849605,2030
02_SU_05,NO3,78.4438401561815,2035
02_SU_05,NO3,82.61105736969,2040
02_SU_05,NO3,80.2396946862583,2045
02_SU_05,NO3,60.170020741628605,2050
02_SU_05,NO4,56.6240451331474,2030
02_SU_05,NO4,79.7029114980498,2035
02_SU_05,NO4,84.1193013429548,2040
02_SU_05,NO4,81.877239388986,2045
02_SU_05,NO4,60.1700205145669,2050
02_SU_05,NO5,58.58519379191021,2030
02_SU_05,NO5,79.6975548168926,2035
02_SU_05,NO5,82.6110574287728,2040
02_SU_05,NO5,78.8492156346446,2045
02_SU_05,NO5,64.5996902321337,2050
02_SU_06,NO1,59.7808086007765,2030
02_SU_06,NO1,81.2040176507649,2035
02_SU_06,NO1,83.8551867153438,2040
02_SU_06,NO1,79.464572196967,2045
02_SU_06,NO1,63.448239668238294,2050
02_SU_06,NO2,61.000825103615604,2030
02_SU_06,NO2,82.8612424686851,2035
02_SU_06,NO2,85.5665170019499,2040
02_SU_06,NO2,81.0862981324235,2045
02_SU_06,NO2,65.680023959999,2050
02_SU_06,NO3,57.4134887935039,2030
02_SU_06,NO3,78.32622271617069,2035
02_SU_06,NO3,82.1780830146636,2040
02_SU_06,NO3,77.8752808130376,2045
02_SU_06,NO3,57.700209565445505,2050
02_SU_06,NO4,56.2652199235787,2030
02_SU_06,NO4,79.8344649311382,2035
02_SU_06,NO4,82.65269186814359,2040
02_SU_06,NO4,78.7668538374447,2045
02_SU_06,NO4,57.7002089496212,2050
02_SU_06,NO5,58.5851926139969,2030
02_SU_06,NO5,79.5799373684478,2035
02_SU_06,NO5,82.1780830707841,2040
02_SU_06,NO5,77.875280778296,2045
02_SU_06,NO5,62.179274889059606,2050
02_SU_07,NO1,59.0471514181026,2030
02_SU_07,NO1,74.18811195436611,2035
02_SU_07,NO1,60.482961840763906,2040
02_SU_07,NO1,43.883865463888796,2045
02_SU_07,NO1,33.278097062372,2050
02_SU_07,NO2,60.2521953220335,2030
02_SU_07,NO2,75.70215486234261,2035
02_SU_07,NO2,59.2733026195375,2040
02_SU_07,NO2,43.0061881516464,2045
02_SU_07,NO2,33.2780971770858,2050
02_SU_07,NO3,56.906379344297,2030
02_SU_07,NO3,71.4506353028158,2035
02_SU_07,NO3,62.505055449352504,2040
02_SU_07,NO3,48.4447010232854,2045
02_SU_07,NO3,32.3391841133193,2050
02_SU_07,NO4,55.8884808056639,2030
02_SU_07,NO4,72.9088114168812,2035
02_SU_07,NO4,63.7806687581334,2040
02_SU_07,NO4,49.4333683451883,2045
02_SU_07,NO4,32.3391845704704,2050
02_SU_07,NO5,58.0677340019403,2030
02_SU_07,NO5,72.704349806024,2035
02_SU_07,NO5,59.2733026688382,2040
02_SU_07,NO5,43.0061881800269,2045
02_SU_07,NO5,32.6125351500447,2050
02_SU_08,NO1,56.7798261599771,2030
02_SU_08,NO1,62.6492820303475,2035
02_SU_08,NO1,48.3549401443467,2040
02_SU_08,NO1,30.5174494766159,2045
02_SU_08,NO1,13.2847891811489,2050
02_SU_08,NO2,57.9385980965529,2030
02_SU_08,NO2,62.6492823142858,2035
02_SU_08,NO2,47.3878413451222,2040
02_SU_08,NO2,29.9071004792942,2045
02_SU_08,NO2,13.0190934177213,2050
02_SU_08,NO3,54.684400611128,2030
02_SU_08,NO3,63.3149171036314,2035
02_SU_08,NO3,50.3770338107368,2040
02_SU_08,NO3,33.5969997985175,2045
02_SU_08,NO3,18.9178591825442,2050
02_SU_08,NO4,54.3039760941399,2030
02_SU_08,NO4,64.6070582004172,2035
02_SU_08,NO4,51.40513647975369,2040
02_SU_08,NO4,34.282652812208894,2045
02_SU_08,NO4,19.3039379247769,2050
02_SU_08,NO5,55.8004087726595,2030
02_SU_08,NO5,61.39629670646819,2035
02_SU_08,NO5,47.3878414140843,2040
02_SU_08,NO5,29.907100510950603,2045
02_SU_08,NO5,13.0190934262327,2050
02_SU_09,NO1,55.470388656700194,2030
02_SU_09,NO1,55.701163209557606,2035
02_SU_09,NO1,38.1938083910797,2040
02_SU_09,NO1,17.9929317446476,2045
02_SU_09,NO1,9.53828311300618,2050
02_SU_09,NO2,55.069484247407004,2030
02_SU_09,NO2,55.575471542229195,2035
02_SU_09,NO2,37.4299322242689,2040
02_SU_09,NO2,17.6330731060131,2045
02_SU_09,NO2,9.53828306299196,2050
02_SU_09,NO3,53.401151196512295,2030
02_SU_09,NO3,58.117222279717,2035
02_SU_09,NO3,40.2159020129296,2040
02_SU_09,NO3,20.340311820119602,2045
02_SU_09,NO3,14.418532900119999,2050
02_SU_09,NO4,52.99453866845219,2030
02_SU_09,NO4,59.3032879712063,2035
02_SU_09,NO4,41.0366346430452,2040
02_SU_09,NO4,20.755420177925,2045
02_SU_09,NO4,14.7127886551585,2050
02_SU_09,NO5,54.360980919069405,2030
02_SU_09,NO5,54.587139988934595,2035
02_SU_09,NO5,37.429932289267995,2040
02_SU_09,NO5,17.633073132354202,2045
02_SU_09,NO5,9.3475174900803,2050
02_SU_10,NO1,51.283114991354,2030
02_SU_10,NO1,46.7026959666202,2035
02_SU_10,NO1,29.7461466279049,2040
02_SU_10,NO1,12.2935889448499,2045
02_SU_10,NO1,8.52356929058425,2050
02_SU_10,NO2,50.2574527002497,2030
02_SU_10,NO2,45.7686420469189,2035
02_SU_10,NO2,29.1512236843083,2040
02_SU_10,NO2,12.0477171542668,2045
02_SU_10,NO2,8.52356942179804,2050
02_SU_10,NO3,49.527072877769896,2030
02_SU_10,NO3,51.954170705578804,2035
02_SU_10,NO3,35.541735202229596,2040
02_SU_10,NO3,17.4937878025153,2045
02_SU_10,NO3,11.0870176805815,2050
02_SU_10,NO4,49.4410017525545,2030
02_SU_10,NO4,53.0144598262343,2035
02_SU_10,NO4,36.2670766647899,2040
02_SU_10,NO4,17.8508038290455,2045
02_SU_10,NO4,11.3132833269883,2050
02_SU_10,NO5,50.257452727830795,2030
02_SU_10,NO5,45.768642089673804,2035
02_SU_10,NO5,29.151223756480697,2040
02_SU_10,NO5,12.047717187864901,2045
02_SU_10,NO5,8.35309797451334,2050
02_SU_11,NO1,49.009379184195396,2030
02_SU_11,NO1,41.1573064217174,2035
02_SU_11,NO1,26.279280550025998,2040
02_SU_11,NO1,11.4230943953433,2045
02_SU_11,NO1,8.35309905901793,2050
02_SU_11,NO2,48.0291916108657,2030
02_SU_11,NO2,40.3341602942689,2035
02_SU_11,NO2,25.753694932346797,2040
02_SU_11,NO2,11.194632500786101,2045
02_SU_11,NO2,8.52356938866704,2050
02_SU_11,NO3,47.894349618343696,2030
02_SU_11,NO3,44.8796886005106,2035
02_SU_11,NO3,31.0556469491254,2040
02_SU_11,NO3,16.849482669679197,2045
02_SU_11,NO3,11.0275471828698,2050
02_SU_11,NO4,47.8082783878193,2030
02_SU_11,NO4,45.795600540822605,2035
02_SU_11,NO4,31.6894355881649,2040
02_SU_11,NO4,17.1933496099697,2045
02_SU_11,NO4,11.2525991450436,2050
02_SU_11,NO5,48.0291916334134,2030
02_SU_11,NO5,40.3341603294862,2035
02_SU_11,NO5,25.7536949887067,2040
02_SU_11,NO5,11.194632527556,2045
02_SU_11,NO5,8.18603716999654,2050
02_SU_12,NO1,48.6959392256725,2030
02_SU_12,NO1,41.8581394308707,2035
02_SU_12,NO1,26.6202783276028,2040
02_SU_12,NO1,11.423093189496601,2045
02_SU_12,NO1,8.353099124725679,2050
02_SU_12,NO2,47.722020452683395,2030
02_SU_12,NO2,41.0209766484934,2035
02_SU_12,NO2,26.0878727554771,2040
02_SU_12,NO2,11.1946313184963,2045
02_SU_12,NO2,8.52356938616606,2050
02_SU_12,NO3,47.8540346278087,2030
02_SU_12,NO3,45.1872440804747,2035
02_SU_12,NO3,30.8303135430286,2040
02_SU_12,NO3,16.0241259938376,2045
02_SU_12,NO3,10.2877606966308,2050
02_SU_12,NO4,47.7679629926333,2030
02_SU_12,NO4,46.1094326752182,2035
02_SU_12,NO4,31.459503534627203,2040
02_SU_12,NO4,16.3511489162928,2045
02_SU_12,NO4,10.4977149736128,2050
02_SU_12,NO5,47.7220204724032,2030
02_SU_12,NO5,41.0209766757759,2035
02_SU_12,NO5,26.087872806963297,2040
02_SU_12,NO5,11.1946313454367,2045
02_SU_12,NO5,8.18603722952591,2050
02_SU_13,NO1,50.0653527663015,2030
02_SU_13,NO1,42.1881638688296,2035
02_SU_13,NO1,26.620278402388102,2040
02_SU_13,NO1,11.4231007561461,2045
02_SU_13,NO1,8.52356927883411,2050
02_SU_13,NO2,49.0640457834007,2030
02_SU_13,NO2,41.3444005917114,2035
02_SU_13,NO2,26.0878728250991,2040
02_SU_13,NO2,11.1946387307247,2045
02_SU_13,NO2,8.52356939628895,2050
02_SU_13,NO3,48.0827649975873,2030
02_SU_13,NO3,46.0138367970061,2035
02_SU_13,NO3,31.615773708323296,2040
02_SU_13,NO3,16.611377373915097,2045
02_SU_13,NO3,10.5266461125549,2050
02_SU_13,NO4,47.8123735934837,2030
02_SU_13,NO4,46.9528946298745,2035
02_SU_13,NO4,32.2609935053641,2040
02_SU_13,NO4,16.9503850165636,2045
02_SU_13,NO4,10.7414756012325,2050
02_SU_13,NO5,49.0640457365055,2030
02_SU_13,NO5,41.3444006257539,2035
02_SU_13,NO5,26.087872882065803,2040
02_SU_13,NO5,11.194638760776,2045
02_SU_13,NO5,8.35309795033187,2050
02_SU_14,NO1,49.761819391304,2030
02_SU_14,NO1,44.0496026122036,2035
02_SU_14,NO1,27.974492538823803,2040
02_SU_14,NO1,11.4413160552857,2045
02_SU_14,NO1,8.62342130880929,2050
02_SU_14,NO2,48.7665830151127,2030
02_SU_14,NO2,43.168610558604,2035
02_SU_14,NO2,27.4150026556511,2040
02_SU_14,NO2,11.2124896990317,2045
02_SU_14,NO2,8.52356942833846,2050
02_SU_14,NO3,48.514711625528705,2030
02_SU_14,NO3,47.4847041174719,2035
02_SU_14,NO3,33.4633215800409,2040
02_SU_14,NO3,17.3730605360749,2045
02_SU_14,NO3,11.5148761266897,2050
02_SU_14,NO4,48.4286390014453,2030
02_SU_14,NO4,48.453779642021,2035
02_SU_14,NO4,34.1462464251504,2040
02_SU_14,NO4,17.7276127391162,2045
02_SU_14,NO4,11.7498735776968,2050
02_SU_14,NO5,48.7665830338561,2030
02_SU_14,NO5,43.168610599066604,2035
02_SU_14,NO5,27.4150027453353,2040
02_SU_14,NO5,11.212489755618,2045
02_SU_14,NO5,8.45095290694206,2050
02_SU_15,NO1,54.8862622342897,2030
02_SU_15,NO1,54.055308912844495,2035
02_SU_15,NO1,36.7834107293639,2040
02_SU_15,NO1,19.8360227519096,2045
02_SU_15,NO1,11.425363200827501,2050
02_SU_15,NO2,54.2601584337742,2030
02_SU_15,NO2,52.974202739291606,2035
02_SU_15,NO2,35.326787747882996,2040
02_SU_15,NO2,19.0505163297128,2045
02_SU_15,NO2,11.196855937427,2050
02_SU_15,NO3,52.7127664061523,2030
02_SU_15,NO3,58.2370020339814,2035
02_SU_15,NO3,45.896076760532495,2040
02_SU_15,NO3,30.408184837625498,2045
02_SU_15,NO3,17.0584332359253,2050
02_SU_15,NO4,52.410411636948595,2030
02_SU_15,NO4,59.4255121868173,2035
02_SU_15,NO4,46.8327313155041,2040
02_SU_15,NO4,31.028759994495697,2045
02_SU_15,NO4,17.406564510376,2050
02_SU_15,NO5,53.78853701504401,2030
02_SU_15,NO5,52.974202782012796,2035
02_SU_15,NO5,36.047742550334,2040
02_SU_15,NO5,19.439302313737702,2045
02_SU_15,NO5,11.1968559662618,2050
02_SU_16,NO1,58.7780911969905,2030
02_SU_16,NO1,69.3945528136947,2035
02_SU_16,NO1,55.17798968665001,2040
02_SU_16,NO1,40.481488679761796,2045
02_SU_16,NO1,17.326467236772398,2050
02_SU_16,NO2,59.152009718354705,2030
02_SU_16,NO2,69.1085437555238,2035
02_SU_16,NO2,52.99294132433501,2040
02_SU_16,NO2,30.6415045337028,2045
02_SU_16,NO2,14.9172927318251,2050
02_SU_16,NO3,56.6427003263258,2030
02_SU_16,NO3,69.3945526399305,2035
02_SU_16,NO3,60.89067466937941,2040
02_SU_16,NO3,47.1569479817995,2045
02_SU_16,NO3,26.8434516479523,2050
02_SU_16,NO4,56.302240711661796,2030
02_SU_16,NO4,70.8107679006256,2035
02_SU_16,NO4,62.13334142965,2040
02_SU_16,NO4,48.1193346356841,2045
02_SU_16,NO4,27.3912771795896,2050
02_SU_16,NO5,57.7986737843921,2030
02_SU_16,NO5,68.0066617757759,2035
02_SU_16,NO5,54.074429921170704,2040
02_SU_16,NO5,39.6718589170122,2045
02_SU_16,NO5,16.979937906173898,2050
02_SU_17,NO1,60.099993888822496,2030
02_SU_17,NO1,81.9835406653336,2035
02_SU_17,NO1,77.1908635476837,2040
02_SU_17,NO1,68.0927743501193,2045
02_SU_17,NO1,48.7000394042015,2050
02_SU_17,NO2,61.000825163899904,2030
02_SU_17,NO2,81.983540816249,2035
02_SU_17,NO2,75.647046290115,2040
02_SU_17,NO2,65.3963005883965,2045
02_SU_17,NO2,48.7000391876685,2050
02_SU_17,NO3,57.7200343900469,2030
02_SU_17,NO3,78.7369925180986,2035
02_SU_17,NO3,78.2892396497598,2040
02_SU_17,NO3,72.65361006042819,2045
02_SU_17,NO3,48.658846746433696,2050
02_SU_17,NO4,56.928469401109396,2030
02_SU_17,NO4,78.7369923162436,2035
02_SU_17,NO4,79.8869791744914,2040
02_SU_17,NO4,74.1363367582181,2045
02_SU_17,NO4,48.6588471356209,2050
02_SU_17,NO5,58.8979941839278,2030
02_SU_17,NO5,80.3438698885464,2035
02_SU_17,NO5,75.647046404077,2040
02_SU_17,NO5,66.7309188831311,2045
02_SU_17,NO5,47.726038632977904,2050
02_SU_18,NO1,60.099994077637305,2030
02_SU_18,NO1,83.5461449546255,2035
02_SU_18,NO1,87.47297894125249,2040
02_SU_18,NO1,84.7802988887601,2045
02_SU_18,NO1,69.0784217229201,2050
02_SU_18,NO2,61.0008251725485,2030
02_SU_18,NO2,83.7860850138751,2035
02_SU_18,NO2,87.4729785456165,2040
02_SU_18,NO2,83.3067596595906,2045
02_SU_18,NO2,70.4881854396219,2050
02_SU_18,NO3,58.042406430695095,2030
02_SU_18,NO3,80.62150744311751,2035
02_SU_18,NO3,85.7235196296854,2040
02_SU_18,NO3,84.7802989671538,2045
02_SU_18,NO3,62.897509118394,2050
02_SU_18,NO4,56.9284692225364,2030
02_SU_18,NO4,80.6215073227582,2035
02_SU_18,NO4,87.1515549599046,2040
02_SU_18,NO4,86.51050911230729,2045
02_SU_18,NO4,61.639559103981696,2050
02_SU_18,NO5,58.8979942075311,2030
02_SU_18,NO5,81.87522207365309,2035
02_SU_18,NO5,85.7235193736802,2040
02_SU_18,NO5,83.0846929197802,2045
02_SU_18,NO5,67.6968532991522,2050
02_SU_19,NO1,60.099994076099904,2030
02_SU_19,NO1,83.546144967985,2035
02_SU_19,NO1,87.4729789501931,2040
02_SU_19,NO1,84.7802988975647,2045
02_SU_19,NO1,69.0784217302145,2050
02_SU_19,NO2,61.0008251737432,2030
02_SU_19,NO2,83.7860850151997,2035
02_SU_19,NO2,87.4729785574659,2040
02_SU_19,NO2,83.3067596625009,2045
02_SU_19,NO2,70.4881854429124,2050
02_SU_19,NO3,58.0902740058831,2030
02_SU_19,NO3,80.621507540444,2035
02_SU_19,NO3,85.7235198149423,2040
02_SU_19,NO3,84.7802991321513,2045
02_SU_19,NO3,62.8732921527101,2050
02_SU_19,NO4,56.928469395255604,2030
02_SU_19,NO4,80.76157446156961,2035
02_SU_19,NO4,87.2387321805426,2040
02_SU_19,NO4,86.51050928385119,2045
02_SU_19,NO4,61.61582639672311,2050
02_SU_19,NO5,58.897994207079705,2030
02_SU_19,NO5,81.8752220785787,2035
02_SU_19,NO5,85.7235193796334,2040
02_SU_19,NO5,83.08469292563281,2045
02_SU_19,NO5,67.6968533057067,2050
02_SU_20,NO1,60.0999940135318,2030
02_SU_20,NO1,83.5461449553451,2035
02_SU_20,NO1,87.4729789498317,2040
02_SU_20,NO1,84.780298893564,2045
02_SU_20,NO1,69.0784217300035,2050
02_SU_20,NO2,61.000825173723,2030
02_SU_20,NO2,83.7860850152291,2035
02_SU_20,NO2,87.4729785575027,2040
02_SU_20,NO2,83.3067596625388,2045
02_SU_20,NO2,70.488185442934,2050
02_SU_20,NO3,57.928695744708705,2030
02_SU_20,NO3,80.6185446534309,2035
02_SU_20,NO3,85.7235198333112,2040
02_SU_20,NO3,84.7802988413692,2045
02_SU_20,NO3,62.6518649613183,2050
02_SU_20,NO4,56.9284690830321,2030
02_SU_20,NO4,80.6185445138732,2035
02_SU_20,NO4,87.13111693289031,2040
02_SU_20,NO4,86.5105089103605,2045
02_SU_20,NO4,61.398827746494604,2050
02_SU_20,NO5,58.897994195943895,2030
02_SU_20,NO5,81.87522207432531,2035
02_SU_20,NO5,85.7235193794338,2040
02_SU_20,NO5,83.0846929218739,2045
02_SU_20,NO5,67.6968533055369,2050
02_SU_21,NO1,60.099993857206,2030
02_SU_21,NO1,83.54614494779109,2035
02_SU_21,NO1,87.47297894650049,2040
02_SU_21,NO1,84.7802988845306,2045
02_SU_21,NO1,69.0784217292906,2050
02_SU_21,NO2,61.000825173691396,2030
02_SU_21,NO2,83.786085015202,2035
02_SU_21,NO2,87.4729785574806,2040
02_SU_21,NO2,83.3067596625245,2045
02_SU_21,NO2,70.4881854428829,2050
02_SU_21,NO3,57.9071546087104,2030
02_SU_21,NO3,80.5061185307368,2035
02_SU_21,NO3,85.7235196897764,2040
02_SU_21,NO3,84.7802984265314,2045
02_SU_21,NO3,62.523837688844104,2050
02_SU_21,NO4,56.749032700949,2030
02_SU_21,NO4,80.50611838886,2035
02_SU_21,NO4,86.932130426761,2040
02_SU_21,NO4,86.2589924417302,2045
02_SU_21,NO4,61.27336102046981,2050
02_SU_21,NO5,58.897994182699804,2030
02_SU_21,NO5,81.875222071387,2035
02_SU_21,NO5,85.7235193774178,2040
02_SU_21,NO5,83.08469291392541,2045
02_SU_21,NO5,67.6968533049,2050
02_SU_22,NO1,59.9479249427524,2030
02_SU_22,NO1,83.41972315662511,2035
02_SU_22,NO1,87.1509867589934,2040
02_SU_22,NO1,84.1583052628407,2045
02_SU_22,NO1,69.0784217259114,2050
02_SU_22,NO2,61.0008251736601,2030
02_SU_22,NO2,83.78608501517229,2035
02_SU_22,NO2,87.4729785568466,2040
02_SU_22,NO2,83.306759662475,2045
02_SU_22,NO2,70.4881854425939,2050
02_SU_22,NO3,57.7891373330909,2030
02_SU_22,NO3,80.1163021064531,2035
02_SU_22,NO3,85.0876257903575,2040
02_SU_22,NO3,83.3576843642998,2045
02_SU_22,NO3,62.065924956356696,2050
02_SU_22,NO4,56.6333553153346,2030
02_SU_22,NO4,80.11630190493051,2035
02_SU_22,NO4,85.0876256773592,2040
02_SU_22,NO4,83.3576851862567,2045
02_SU_22,NO4,60.824606531825204,2050
02_SU_22,NO5,58.897994158769805,2030
02_SU_22,NO5,81.7513287219804,2035
02_SU_22,NO5,85.723517036481,2040
02_SU_22,NO5,82.4751391709751,2045
02_SU_22,NO5,67.696853301262,2050
02_SU_23,NO1,59.780808726325596,2030
02_SU_23,NO1,83.1613127503089,2035
02_SU_23,NO1,86.7066537349738,2040
02_SU_23,NO1,83.30676192040741,2045
02_SU_23,NO1,69.07842171832179,2050
02_SU_23,NO2,61.0008251681063,2030
02_SU_23,NO2,83.78608501394561,2035
02_SU_23,NO2,87.4729785520825,2040
02_SU_23,NO2,83.3067596622834,2045
02_SU_23,NO2,70.4881854420621,2050
02_SU_23,NO3,57.6248635562668,2030
02_SU_23,NO3,79.8681249216821,2035
02_SU_23,NO3,84.6432927767859,2040
02_SU_23,NO3,81.640627929279,2045
02_SU_23,NO3,61.962407830248296,2050
02_SU_23,NO4,56.4723666305214,2030
02_SU_23,NO4,79.8681247216943,2035
02_SU_23,NO4,84.64329265351759,2040
02_SU_23,NO4,82.8161483733947,2045
02_SU_23,NO4,60.723159769016604,2050
02_SU_23,NO5,58.8008810625047,2030
02_SU_23,NO5,81.4980865564714,2035
02_SU_23,NO5,84.9725210020998,2040
02_SU_23,NO5,81.6406266944026,2045
02_SU_23,NO5,67.6968532940601,2050
02_SU_24,NO1,59.780808685678196,2030
02_SU_24,NO1,82.568568508316,2035
02_SU_24,NO1,86.4623607368703,2040
02_SU_24,NO1,83.3067596681091,2045
02_SU_24,NO1,69.0784217058345,2050
02_SU_24,NO2,61.0008251623406,2030
02_SU_24,NO2,83.7860850072655,2035
02_SU_24,NO2,87.4729785442446,2040
02_SU_24,NO2,83.3067596616459,2045
02_SU_24,NO2,70.48818544150751,2050
02_SU_24,NO3,57.5828849794804,2030
02_SU_24,NO3,79.6634825129613,2035
02_SU_24,NO3,84.3989998370913,2040
02_SU_24,NO3,81.6406247491631,2045
02_SU_24,NO3,61.9082584347366,2050
02_SU_24,NO4,56.4312274136377,2030
02_SU_24,NO4,79.66348226355879,2035
02_SU_24,NO4,84.39899967411681,2040
02_SU_24,NO4,82.5879500319101,2045
02_SU_24,NO4,60.6700933971829,2050
02_SU_24,NO5,58.758045470971,2030
02_SU_24,NO5,80.9171972227865,2035
02_SU_24,NO5,84.7331136741597,2040
02_SU_24,NO5,81.6406244929549,2045
02_SU_24,NO5,67.6968532821067,2050
03_FA_01,NO1,64.0782102577561,2030
03_FA_01,NO1,87.3583935519876,2035
03_FA_01,NO1,92.8098898919793,2040
03_FA_01,NO1,95.0016362281524,2045
03_FA_01,NO1,89.6610820518916,2050
03_FA_01,NO2,62.796646147358004,2030
03_FA_01,NO2,89.141217883502,2035
03_FA_01,NO2,94.7039692277706,2040
03_FA_01,NO2,96.9404450904275,2045
03_FA_01,NO2,91.4909000493965,2050
03_FA_01,NO3,61.540713062727505,2030
03_FA_01,NO3,80.5268858478519,2035
03_FA_01,NO3,87.59146818112251,2040
03_FA_01,NO3,89.812356571385,2045
03_FA_01,NO3,75.8476898987789,2050
03_FA_01,NO4,60.30989881446389,2030
03_FA_01,NO4,80.52688580271119,2035
03_FA_01,NO4,87.59146814214,2040
03_FA_01,NO4,88.8682904267621,2045
03_FA_01,NO4,75.84768971057841,2050
03_FA_01,NO5,62.796646061112696,2030
03_FA_01,NO5,87.3583936145701,2035
03_FA_01,NO5,92.8098899824605,2040
03_FA_01,NO5,95.0016344677331,2045
03_FA_01,NO5,87.8678604487458,2050
03_FA_02,NO1,64.0782102574464,2030
03_FA_02,NO1,87.3583935485908,2035
03_FA_02,NO1,92.8098898828483,2040
03_FA_02,NO1,95.0016363535247,2045
03_FA_02,NO1,89.6610820505057,2050
03_FA_02,NO2,62.796646147356604,2030
03_FA_02,NO2,89.1412178820592,2035
03_FA_02,NO2,94.7039692254745,2040
03_FA_02,NO2,96.940445090981,2045
03_FA_02,NO2,91.4909000490794,2050
03_FA_02,NO3,61.540713062677,2030
03_FA_02,NO3,80.7177340395859,2035
03_FA_02,NO3,88.0041951886032,2040
03_FA_02,NO3,90.6727666967611,2045
03_FA_02,NO3,78.16419843249,2050
03_FA_02,NO4,60.309898814418396,2030
03_FA_02,NO4,80.7177339911548,2035
03_FA_02,NO4,88.00419514742569,2040
03_FA_02,NO4,88.8682904263302,2045
03_FA_02,NO4,76.8593171870184,2050
03_FA_02,NO5,62.796646061000104,2030
03_FA_02,NO5,87.3583936025771,2035
03_FA_02,NO5,92.8098899559183,2040
03_FA_02,NO5,95.0007524720636,2045
03_FA_02,NO5,87.8678604472934,2050
03_FA_03,NO1,64.0782102574249,2030
03_FA_03,NO1,88.3748494948947,2035
03_FA_03,NO1,93.5187890196371,2040
03_FA_03,NO1,95.0016362909745,2045
03_FA_03,NO1,89.66108204958519,2050
03_FA_03,NO2,62.79664614726501,2030
03_FA_03,NO2,89.14121788250971,2035
03_FA_03,NO2,94.70396922596771,2040
03_FA_03,NO2,96.9404450907953,2045
03_FA_03,NO2,91.4909000488737,2050
03_FA_03,NO3,61.5407130626858,2030
03_FA_03,NO3,83.9938900143042,2035
03_FA_03,NO3,90.2691209055301,2040
03_FA_03,NO3,90.68192893368601,2045
03_FA_03,NO3,78.4278745061888,2050
03_FA_03,NO4,60.3098988144111,2030
03_FA_03,NO4,82.3140122668779,2035
03_FA_03,NO4,88.463738565095,2040
03_FA_03,NO4,88.8682904527639,2045
03_FA_03,NO4,76.8593172054308,2050
03_FA_03,NO5,62.796646060992394,2030
03_FA_03,NO5,87.3583935993364,2035
03_FA_03,NO5,92.8098899458064,2040
03_FA_03,NO5,93.1016051356116,2045
03_FA_03,NO5,87.8678604463325,2050
03_FA_04,NO1,64.0782102579684,2030
03_FA_04,NO1,88.81154354906161,2035
03_FA_04,NO1,94.169652455112,2040
03_FA_04,NO1,95.0016362418551,2045
03_FA_04,NO1,89.6610820473735,2050
03_FA_04,NO2,62.7966461472779,2030
03_FA_04,NO2,89.1412178824487,2035
03_FA_04,NO2,94.7039692258463,2040
03_FA_04,NO2,96.9404450903785,2045
03_FA_04,NO2,91.49090004838061,2050
03_FA_04,NO3,61.5407130760928,2030
03_FA_04,NO3,83.9938900191254,2035
03_FA_04,NO3,90.2691209028368,2040
03_FA_04,NO3,90.6819289318836,2045
03_FA_04,NO3,78.4278745045199,2050
03_FA_04,NO4,60.309898815654606,2030
03_FA_04,NO4,82.3140122831956,2035
03_FA_04,NO4,88.4637385648142,2040
03_FA_04,NO4,88.8682904522149,2045
03_FA_04,NO4,76.8593171887827,2050
03_FA_04,NO5,62.796646061215995,2030
03_FA_04,NO5,87.3583935896153,2035
03_FA_04,NO5,92.8098899257685,2040
03_FA_04,NO5,93.1016040150633,2045
03_FA_04,NO5,87.8678604440875,2050
03_FA_05,NO1,64.0782102585882,2030
03_FA_05,NO1,89.1592846570373,2035
03_FA_05,NO1,95.1777052761437,2040
03_FA_05,NO1,96.9404452291232,2045
03_FA_05,NO1,89.6610820520146,2050
03_FA_05,NO2,62.7966461485903,2030
03_FA_05,NO2,89.141217882663,2035
03_FA_05,NO2,94.7039692260255,2040
03_FA_05,NO2,96.94044509191761,2045
03_FA_05,NO2,91.4909000503153,2050
03_FA_05,NO3,61.540713076235605,2030
03_FA_05,NO3,83.9938900469818,2035
03_FA_05,NO3,90.2691209372405,2040
03_FA_05,NO3,90.6819289303167,2045
03_FA_05,NO3,78.4278745039837,2050
03_FA_05,NO4,60.3098988156879,2030
03_FA_05,NO4,82.3140122841057,2035
03_FA_05,NO4,88.46373856598039,2040
03_FA_05,NO4,88.8682904518223,2045
03_FA_05,NO4,76.8593172187705,2050
03_FA_05,NO5,62.7966460614359,2030
03_FA_05,NO5,87.3760989719902,2035
03_FA_05,NO5,93.2741511802405,2040
03_FA_05,NO5,95.0016363305664,2045
03_FA_05,NO5,87.8678604455867,2050
03_FA_06,NO1,64.07821026303,2030
03_FA_06,NO1,89.1592846639023,2035
03_FA_06,NO1,95.1777052847422,2040
03_FA_06,NO1,96.9404452391046,2045
03_FA_06,NO1,89.6610820867362,2050
03_FA_06,NO2,62.7966461489332,2030
03_FA_06,NO2,89.141217885077,2035
03_FA_06,NO2,94.7039692301856,2040
03_FA_06,NO2,96.9404451431917,2045
03_FA_06,NO2,91.4909000663329,2050
03_FA_06,NO3,61.540713078413106,2030
03_FA_06,NO3,83.9938900500526,2035
03_FA_06,NO3,90.26912094139689,2040
03_FA_06,NO3,90.6819289383631,2045
03_FA_06,NO3,78.4278746455648,2050
03_FA_06,NO4,60.3098988163513,2030
03_FA_06,NO4,82.31401228559619,2035
03_FA_06,NO4,88.4637385680221,2040
03_FA_06,NO4,88.8682904556216,2045
03_FA_06,NO4,76.8593172439011,2050
03_FA_06,NO5,62.7966460630105,2030
03_FA_06,NO5,87.3760989750529,2035
03_FA_06,NO5,93.2741511844869,2040
03_FA_06,NO5,95.0016363359694,2045
03_FA_06,NO5,87.8678604642222,2050
03_FA_07,NO1,64.0782102662229,2030
03_FA_07,NO1,89.1592846668828,2035
03_FA_07,NO1,95.17770528838341,2040
03_FA_07,NO1,96.94044534253341,2045
03_FA_07,NO1,89.66108208920801,2050
03_FA_07,NO2,62.79664615213979,2030
03_FA_07,NO2,89.14121788551451,2035
03_FA_07,NO2,94.7039692310874,2040
03_FA_07,NO2,96.94044517014109,2045
03_FA_07,NO2,91.49090005968449,2050
03_FA_07,NO3,61.5407130813643,2030
03_FA_07,NO3,83.9938900532556,2035
03_FA_07,NO3,90.2691209450084,2040
03_FA_07,NO3,90.6819289460262,2045
03_FA_07,NO3,78.4278747065544,2050
03_FA_07,NO4,60.309898817187104,2030
03_FA_07,NO4,82.3140122868611,2035
03_FA_07,NO4,88.4637385696539,2040
03_FA_07,NO4,88.86829045933351,2045
03_FA_07,NO4,76.8593172841065,2050
03_FA_07,NO5,62.7966460641105,2030
03_FA_07,NO5,87.37609897618759,2035
03_FA_07,NO5,93.27415118594169,2040
03_FA_07,NO5,95.0016363424628,2045
03_FA_07,NO5,87.8678604657991,2050
03_FA_08,NO1,64.0782102678163,2030
03_FA_08,NO1,89.1592846662308,2035
03_FA_08,NO1,95.1777051131514,2040
03_FA_08,NO1,88.13235664875029,2045
03_FA_08,NO1,62.742191793767404,2050
03_FA_08,NO2,62.796646152778706,2030
03_FA_08,NO2,89.1412178850248,2035
03_FA_08,NO2,94.7039692238657,2040
03_FA_08,NO2,86.3697095274816,2045
03_FA_08,NO2,61.4873479429052,2050
03_FA_08,NO3,61.5407130837864,2030
03_FA_08,NO3,83.9938900551159,2035
03_FA_08,NO3,90.269120946825,2040
03_FA_08,NO3,86.3697095853602,2045
03_FA_08,NO3,61.127922437025404,2050
03_FA_08,NO4,60.3098988178808,2030
03_FA_08,NO4,82.3140122876697,2035
03_FA_08,NO4,88.4637385705732,2040
03_FA_08,NO4,87.3317365664914,2045
03_FA_08,NO4,61.1279234971391,2050
03_FA_08,NO5,62.796646064662795,2030
03_FA_08,NO5,87.3760989760145,2035
03_FA_08,NO5,93.2741511063736,2040
03_FA_08,NO5,88.132356025577,2045
03_FA_08,NO5,62.742190856621406,2050
03_FA_09,NO1,64.0782102684856,2030
03_FA_09,NO1,89.1592846659769,2035
03_FA_09,NO1,90.9831420740141,2040
03_FA_09,NO1,83.6643610869731,2045
03_FA_09,NO1,52.00547569434819,2050
03_FA_09,NO2,62.7966461469851,2030
03_FA_09,NO2,89.1412178802095,2035
03_FA_09,NO2,89.1634793166015,2040
03_FA_09,NO2,81.9910738633359,2045
03_FA_09,NO2,50.9653661847008,2050
03_FA_09,NO3,61.54071308511131,2030
03_FA_09,NO3,83.99389003261369,2035
03_FA_09,NO3,88.2379587916319,2040
03_FA_09,NO3,81.9910739365701,2045
03_FA_09,NO3,48.7929970580543,2050
03_FA_09,NO4,60.309898818268906,2030
03_FA_09,NO4,82.3140122862495,2035
03_FA_09,NO4,88.2379587473324,2040
03_FA_09,NO4,82.86374108579601,2045
03_FA_09,NO4,48.7929967419501,2050
03_FA_09,NO5,62.79664606489651,2030
03_FA_09,NO5,87.3760989759302,2035
03_FA_09,NO5,90.98314185564689,2040
03_FA_09,NO5,83.6643603995115,2045
03_FA_09,NO5,50.965366227121,2050
03_FA_10,NO1,64.0782102539754,2030
03_FA_10,NO1,83.4588627057916,2035
03_FA_10,NO1,82.3703518338355,2040
03_FA_10,NO1,74.5577173155366,2045
03_FA_10,NO1,46.9791575922988,2050
03_FA_10,NO2,62.796646050979305,2030
03_FA_10,NO2,81.7896854654917,2035
03_FA_10,NO2,80.72294480068561,2040
03_FA_10,NO2,73.06656296441359,2045
03_FA_10,NO2,46.0395744333366,2050
03_FA_10,NO3,61.5407130686289,2030
03_FA_10,NO3,79.1208087921431,2035
03_FA_10,NO3,80.30699091609179,2040
03_FA_10,NO3,73.0665631105047,2045
03_FA_10,NO3,45.7631851514564,2050
03_FA_10,NO4,60.3098988160296,2030
03_FA_10,NO4,79.1208087457874,2035
03_FA_10,NO4,80.3069908741655,2040
03_FA_10,NO4,74.5577172740139,2045
03_FA_10,NO4,46.697127230632205,2050
03_FA_10,NO5,62.79664606134649,2030
03_FA_10,NO5,83.45886236554341,2035
03_FA_10,NO5,82.3703511313353,2040
03_FA_10,NO5,74.55771584521719,2045
03_FA_10,NO5,46.0395764314681,2050
03_FA_11,NO1,62.7751460187611,2030
03_FA_11,NO1,78.620980046525,2035
03_FA_11,NO1,78.84534471011901,2040
03_FA_11,NO1,72.3475358519796,2045
03_FA_11,NO1,46.9191705100244,2050
03_FA_11,NO2,61.51964310251189,2030
03_FA_11,NO2,77.407507141572,2035
03_FA_11,NO2,77.2684378173313,2040
03_FA_11,NO2,70.9005851300532,2045
03_FA_11,NO2,45.980787107548096,2050
03_FA_11,NO3,60.5598144735075,2030
03_FA_11,NO3,74.2829260669321,2035
03_FA_11,NO3,76.9352826672896,2040
03_FA_11,NO3,71.5455379352611,2045
03_FA_11,NO3,43.5560339618347,2050
03_FA_11,NO4,60.2992963139204,2030
03_FA_11,NO4,74.2829260239311,2035
03_FA_11,NO4,76.9352826322365,2040
03_FA_11,NO4,73.00565088493019,2045
03_FA_11,NO4,43.556033806782104,2050
03_FA_11,NO5,62.775146012090794,2030
03_FA_11,NO5,77.04856388662219,2035
03_FA_11,NO5,78.5053908163125,2040
03_FA_11,NO5,70.9005862240911,2045
03_FA_11,NO5,45.9807871412123,2050
03_FA_12,NO1,61.2914696622208,2030
03_FA_12,NO1,74.9992641462906,2035
03_FA_12,NO1,76.57772192626689,2040
03_FA_12,NO1,72.1914247951981,2045
03_FA_12,NO1,46.9191705033421,2050
03_FA_12,NO2,60.065640295678996,2030
03_FA_12,NO2,76.5298611225099,2035
03_FA_12,NO2,75.9270060544804,2040
03_FA_12,NO2,70.7475962973134,2045
03_FA_12,NO2,45.9807871018903,2050
03_FA_12,NO3,58.5379053316449,2030
03_FA_12,NO3,70.6612101029412,2035
03_FA_12,NO3,74.5143607633401,2040
03_FA_12,NO3,70.7475963607249,2045
03_FA_12,NO3,43.306988740876605,2050
03_FA_12,NO4,57.3671472403909,2030
03_FA_12,NO4,70.6612100573852,2035
03_FA_12,NO4,74.5143607223778,2040
03_FA_12,NO4,71.98635781907521,2045
03_FA_12,NO4,43.306987827944695,2050
03_FA_12,NO5,61.29146967335551,2030
03_FA_12,NO5,74.9992649422175,2035
03_FA_12,NO5,76.035062299874,2040
03_FA_12,NO5,70.7475974314564,2045
03_FA_12,NO5,45.9807871324602,2050
03_FA_13,NO1,60.8014027689254,2030
03_FA_13,NO1,80.0278790268341,2035
03_FA_13,NO1,78.8453448322855,2040
03_FA_13,NO1,72.1914248276415,2045
03_FA_13,NO1,46.9191705199028,2050
03_FA_13,NO2,59.5853747176263,2030
03_FA_13,NO2,78.427321448023,2035
03_FA_13,NO2,77.26843793356639,2040
03_FA_13,NO2,70.74759632458179,2045
03_FA_13,NO2,45.9807871161238,2050
03_FA_13,NO3,58.625545933463194,2030
03_FA_13,NO3,76.5619069608923,2035
03_FA_13,NO3,77.2684380320211,2040
03_FA_13,NO3,71.5893079796181,2045
03_FA_13,NO3,43.5184122537892,2050
03_FA_13,NO4,58.325553066023495,2030
03_FA_13,NO4,76.5619069135555,2035
03_FA_13,NO4,78.4996487022294,2040
03_FA_13,NO4,73.0503141851175,2045
03_FA_13,NO4,43.518412019225,2050
03_FA_13,NO5,60.8014027557555,2030
03_FA_13,NO5,78.4273220678651,2035
03_FA_13,NO5,78.8453448146543,2040
03_FA_13,NO5,70.7475978782646,2045
03_FA_13,NO5,45.9807871498124,2050
03_FA_14,NO1,61.77367704153839,2030
03_FA_14,NO1,81.4974002798941,2035
03_FA_14,NO1,81.6738422248436,2040
03_FA_14,NO1,72.5912417697235,2045
03_FA_14,NO1,46.9452857266286,2050
03_FA_14,NO2,60.5382035049367,2030
03_FA_14,NO2,79.867452274643,2035
03_FA_14,NO2,80.0403653782785,2040
03_FA_14,NO2,71.1394169229437,2045
03_FA_14,NO2,46.0063800138762,2050
03_FA_14,NO3,59.578374656202094,2030
03_FA_14,NO3,78.1166308033355,2035
03_FA_14,NO3,80.0403653730809,2040
03_FA_14,NO3,72.9404595155156,2045
03_FA_14,NO3,44.4120776288068,2050
03_FA_14,NO4,59.2978273382433,2030
03_FA_14,NO4,78.1166307514796,2035
03_FA_14,NO4,80.04036537336421,2040
03_FA_14,NO4,74.4290402194093,2045
03_FA_14,NO4,44.412077581267404,2050
03_FA_14,NO5,61.7736770275334,2030
03_FA_14,NO5,81.4973987595073,2035
03_FA_14,NO5,81.6738421825982,2040
03_FA_14,NO5,72.5912398024762,2045
03_FA_14,NO5,46.0063800801045,2050
03_FA_15,NO1,64.078210267605,2030
03_FA_15,NO1,89.1592846666874,2035
03_FA_15,NO1,88.8564327320218,2040
03_FA_15,NO1,76.9865721923514,2045
03_FA_15,NO1,50.0330835629875,2050
03_FA_15,NO2,62.796646145745896,2030
03_FA_15,NO2,88.5149492951781,2035
03_FA_15,NO2,87.0793040756447,2040
03_FA_15,NO2,75.4468407146488,2045
03_FA_15,NO2,47.9105262356342,2050
03_FA_15,NO3,61.5407130682014,2030
03_FA_15,NO3,83.9938900586905,2035
03_FA_15,NO3,86.7930721680596,2040
03_FA_15,NO3,77.8711798429589,2045
03_FA_15,NO3,51.4209279788311,2050
03_FA_15,NO4,60.3098988158233,2030
03_FA_15,NO4,82.3140122884435,2035
03_FA_15,NO4,86.7930721088195,2040
03_FA_15,NO4,79.4603874519655,2045
03_FA_15,NO4,52.47033467044069,2050
03_FA_15,NO5,62.7966460645938,2030
03_FA_15,NO5,87.3760989761376,2035
03_FA_15,NO5,88.8564324395702,2040
03_FA_15,NO5,76.9865718560494,2045
03_FA_15,NO5,49.032422274494,2050
03_FA_16,NO1,64.0782102671443,2030
03_FA_16,NO1,89.159284668092,2035
03_FA_16,NO1,95.17770529034429,2040
03_FA_16,NO1,89.5204031359851,2045
03_FA_16,NO1,70.45826093999361,2050
03_FA_16,NO2,62.796646152473,2030
03_FA_16,NO2,89.1412178856838,2035
03_FA_16,NO2,94.7039692241,2040
03_FA_16,NO2,87.7299950864511,2045
03_FA_16,NO2,64.6083996130398,2050
03_FA_16,NO3,61.5407130833614,2030
03_FA_16,NO3,83.99389005821419,2035
03_FA_16,NO3,90.2691209521305,2040
03_FA_16,NO3,87.7299953381377,2045
03_FA_16,NO3,71.1461967692561,2050
03_FA_16,NO4,60.3098988177544,2030
03_FA_16,NO4,82.3140122883113,2035
03_FA_16,NO4,88.4637385720721,2040
03_FA_16,NO4,88.7197828644094,2045
03_FA_16,NO4,72.5981599251455,2050
03_FA_16,NO5,62.796646064432196,2030
03_FA_16,NO5,87.3760989766363,2035
03_FA_16,NO5,93.27415118666059,2040
03_FA_16,NO5,89.5204029183534,2045
03_FA_16,NO5,69.04909700384181,2050
03_FA_17,NO1,64.0782102662884,2030
03_FA_17,NO1,89.33626733540589,2035
03_FA_17,NO1,95.7663471803122,2040
03_FA_17,NO1,96.9404452492943,2045
03_FA_17,NO1,89.6610820984469,2050
03_FA_17,NO2,62.7966461520863,2030
03_FA_17,NO2,89.141217885839,2035
03_FA_17,NO2,94.7039692320414,2040
03_FA_17,NO2,96.940445211982,2045
03_FA_17,NO2,91.4909000959386,2050
03_FA_17,NO3,61.5407130819293,2030
03_FA_17,NO3,83.9938900566218,2035
03_FA_17,NO3,90.26912095037889,2040
03_FA_17,NO3,90.68192896457211,2045
03_FA_17,NO3,78.42787451528099,2050
03_FA_17,NO4,60.3098988173803,2030
03_FA_17,NO4,82.3140122877714,2035
03_FA_17,NO4,88.4637385713906,2040
03_FA_17,NO4,88.8682904642897,2045
03_FA_17,NO4,76.859317241264,2050
03_FA_17,NO5,62.7966460641325,2030
03_FA_17,NO5,87.3760989816859,2035
03_FA_17,NO5,93.274151192172,2040
03_FA_17,NO5,95.0016363395684,2045
03_FA_17,NO5,87.86786046918971,2050
03_FA_18,NO1,64.0782102653663,2030
03_FA_18,NO1,89.1592846676041,2035
03_FA_18,NO1,95.1777052924493,2040
03_FA_18,NO1,96.9404452475451,2045
03_FA_18,NO1,89.6610821180517,2050
03_FA_18,NO2,62.7966461517241,2030
03_FA_18,NO2,89.141217885598,2035
03_FA_18,NO2,94.7039692314847,2040
03_FA_18,NO2,96.940445195227,2045
03_FA_18,NO2,91.49090011458681,2050
03_FA_18,NO3,61.540713080687894,2030
03_FA_18,NO3,83.9938900547162,2035
03_FA_18,NO3,90.26912094793309,2040
03_FA_18,NO3,90.68192895738329,2045
03_FA_18,NO3,78.4278748472799,2050
03_FA_18,NO4,60.309898817048705,2030
03_FA_18,NO4,82.3140122871783,2035
03_FA_18,NO4,88.463738570536,2040
03_FA_18,NO4,88.86829046205881,2045
03_FA_18,NO4,76.8593174075262,2050
03_FA_18,NO5,62.79664606381171,2030
03_FA_18,NO5,87.3760989764221,2035
03_FA_18,NO5,93.2741511872312,2040
03_FA_18,NO5,95.0016363390063,2045
03_FA_18,NO5,87.8678604750432,2050
03_FA_19,NO1,64.0782102648696,2030
03_FA_19,NO1,89.1592846670941,2035
03_FA_19,NO1,95.177705289453,2040
03_FA_19,NO1,96.9404452467501,2045
03_FA_19,NO1,89.66108211697801,2050
03_FA_19,NO2,62.796646151558505,2030
03_FA_19,NO2,89.1412178854666,2035
03_FA_19,NO2,94.7039692312305,2040
03_FA_19,NO2,96.940445188304,2045
03_FA_19,NO2,91.4909001132566,2050
03_FA_19,NO3,61.54071307994381,2030
03_FA_19,NO3,83.993890053453,2035
03_FA_19,NO3,90.2691209464354,2040
03_FA_19,NO3,90.68192895348281,2045
03_FA_19,NO3,78.4278747856497,2050
03_FA_19,NO4,60.309898816859004,2030
03_FA_19,NO4,82.3140122868505,2035
03_FA_19,NO4,88.4637385700913,2040
03_FA_19,NO4,88.8682904610416,2045
03_FA_19,NO4,76.8593173504793,2050
03_FA_19,NO5,62.7966460636393,2030
03_FA_19,NO5,87.37609897623699,2035
03_FA_19,NO5,93.2741511863166,2040
03_FA_19,NO5,95.0016363387486,2045
03_FA_19,NO5,87.867860474721,2050
03_FA_20,NO1,64.07821026405149,2030
03_FA_20,NO1,89.1592846663254,2035
03_FA_20,NO1,95.1777052886561,2040
03_FA_20,NO1,96.9404451912614,2045
03_FA_20,NO1,89.66108208873149,2050
03_FA_20,NO2,62.796646151329696,2030
03_FA_20,NO2,89.14121788528949,2035
03_FA_20,NO2,94.7039692308723,2040
03_FA_20,NO2,96.9404451618847,2045
03_FA_20,NO2,91.4909000854592,2050
03_FA_20,NO3,61.540713079059,2030
03_FA_20,NO3,83.99389005205539,2035
03_FA_20,NO3,90.26912094480029,2040
03_FA_20,NO3,90.68192894928481,2045
03_FA_20,NO3,78.4278745123103,2050
03_FA_20,NO4,60.309898816605006,2030
03_FA_20,NO4,82.314012286391,2035
03_FA_20,NO4,88.4637385694697,2040
03_FA_20,NO4,88.8682904596606,2045
03_FA_20,NO4,76.8593172338503,2050
03_FA_20,NO5,62.7966460633555,2030
03_FA_20,NO5,87.3760989759533,2035
03_FA_20,NO5,93.2741511860211,2040
03_FA_20,NO5,95.0016363129899,2045
03_FA_20,NO5,87.8678604657115,2050
03_FA_21,NO1,64.0782102629271,2030
03_FA_21,NO1,89.1592846652797,2035
03_FA_21,NO1,95.1777052875516,2040
03_FA_21,NO1,96.9404451364063,2045
03_FA_21,NO1,89.6610820844698,2050
03_FA_21,NO2,62.7966461510909,2030
03_FA_21,NO2,89.1412178850983,2035
03_FA_21,NO2,94.7039692304982,2040
03_FA_21,NO2,96.9404451366678,2045
03_FA_21,NO2,91.4909000810416,2050
03_FA_21,NO3,61.5407130781193,2030
03_FA_21,NO3,83.9938900506275,2035
03_FA_21,NO3,90.26912094315391,2040
03_FA_21,NO3,90.6819289094328,2045
03_FA_21,NO3,78.427874511297,2050
03_FA_21,NO4,60.3098988163337,2030
03_FA_21,NO4,82.31401228587801,2035
03_FA_21,NO4,88.4637385687611,2040
03_FA_21,NO4,88.8682904561804,2045
03_FA_21,NO4,76.8593172312153,2050
03_FA_21,NO5,62.7966460629652,2030
03_FA_21,NO5,87.376098975559,2035
03_FA_21,NO5,93.274151185599,2040
03_FA_21,NO5,95.0016362762547,2045
03_FA_21,NO5,87.86786046409921,2050
03_FA_22,NO1,64.0782102614206,2030
03_FA_22,NO1,88.1772687266436,2035
03_FA_22,NO1,95.17752046677761,2040
03_FA_22,NO1,95.992749503116,2045
03_FA_22,NO1,89.66108207720319,2050
03_FA_22,NO2,62.796646150859104,2030
03_FA_22,NO2,89.1412178847586,2035
03_FA_22,NO2,94.7039692300621,2040
03_FA_22,NO2,96.9404451062361,2045
03_FA_22,NO2,91.4909000739743,2050
03_FA_22,NO3,61.5407130640334,2030
03_FA_22,NO3,83.8392146786452,2035
03_FA_22,NO3,90.26912039203009,2040
03_FA_22,NO3,90.6819289032118,2045
03_FA_22,NO3,78.42786146225521,2050
03_FA_22,NO4,60.3098988147229,2030
03_FA_22,NO4,82.3140122612923,2035
03_FA_22,NO4,88.4637385433963,2040
03_FA_22,NO4,88.8682904551119,2045
03_FA_22,NO4,76.85931718860499,2050
03_FA_22,NO5,62.796646062424394,2030
03_FA_22,NO5,87.3583937799221,2035
03_FA_22,NO5,93.2739714982632,2040
03_FA_22,NO5,95.001636044162,2045
03_FA_22,NO5,87.8678604611849,2050
03_FA_23,NO1,63.9471987044311,2030
03_FA_23,NO1,87.3583935711599,2035
03_FA_23,NO1,92.8098899762203,2040
03_FA_23,NO1,95.3136219776266,2045
03_FA_23,NO1,89.66108207113311,2050
03_FA_23,NO2,62.7966461504205,2030
03_FA_23,NO2,89.1412178839935,2035
03_FA_23,NO2,94.7039692290337,2040
03_FA_23,NO2,96.9404451047356,2045
03_FA_23,NO2,91.4909000685258,2050
03_FA_23,NO3,61.54071306032999,2030
03_FA_23,NO3,82.468036069237,2035
03_FA_23,NO3,89.1442920563502,2040
03_FA_23,NO3,90.6597081388585,2045
03_FA_23,NO3,77.7197783595292,2050
03_FA_23,NO4,60.30989880856019,2030
03_FA_23,NO4,82.3140122606191,2035
03_FA_23,NO4,88.4637385416563,2040
03_FA_23,NO4,88.8682904287904,2045
03_FA_23,NO4,76.8593171883898,2050
03_FA_23,NO5,62.7966460186888,2030
03_FA_23,NO5,87.3583936829478,2035
03_FA_23,NO5,92.8098902290003,2040
03_FA_23,NO5,95.001635957162,2045
03_FA_23,NO5,87.867860458427,2050
03_FA_24,NO1,63.612828823998804,2030
03_FA_24,NO1,87.3583935562993,2035
03_FA_24,NO1,92.8098899057286,2040
03_FA_24,NO1,95.1501955436963,2045
03_FA_24,NO1,89.6610820659415,2050
03_FA_24,NO2,62.796646148112906,2030
03_FA_24,NO2,89.141217883663,2035
03_FA_24,NO2,94.7039692281302,2040
03_FA_24,NO2,96.9404450958028,2045
03_FA_24,NO2,91.4909000642033,2050
03_FA_24,NO3,61.3807431687344,2030
03_FA_24,NO3,81.2747183310267,2035
03_FA_24,NO3,88.3821404380606,2040
03_FA_24,NO3,90.4962818409544,2045
03_FA_24,NO3,77.7148189169917,2050
03_FA_24,NO4,60.30989879786021,2030
03_FA_24,NO4,81.2747182890711,2035
03_FA_24,NO4,88.38214040168761,2040
03_FA_24,NO4,88.8682904274945,2045
03_FA_24,NO4,76.8593171878004,2050
03_FA_24,NO5,62.796645866698704,2030
03_FA_24,NO5,87.3583936367387,2035
03_FA_24,NO5,92.80989004127909,2040
03_FA_24,NO5,95.0016355801415,2045
03_FA_24,NO5,87.86786045573879,2050
04_WI_01,NO1,66.6727541979953,2030
04_WI_01,NO1,97.6076565778842,2035
04_WI_01,NO1,130.56980425921898,2040
04_WI_01,NO1,159.143104034423,2045
04_WI_01,NO1,150.294046566675,2050
04_WI_01,NO2,65.3392991236771,2030
04_WI_01,NO2,95.65550344831959,2035
04_WI_01,NO2,127.958408179935,2040
04_WI_01,NO2,156.486019681003,2045
04_WI_01,NO2,153.36127197483398,2050
04_WI_01,NO3,64.0325131113947,2030
04_WI_01,NO3,94.4017888477386,2035
04_WI_01,NO3,127.774740086192,2040
04_WI_01,NO3,154.141675283807,2045
04_WI_01,NO3,140.356820975359,2050
04_WI_01,NO4,62.7518628473487,2030
04_WI_01,NO4,92.5137531639237,2035
04_WI_01,NO4,125.219245423281,2040
04_WI_01,NO4,152.32688257221,2045
04_WI_01,NO4,137.770218807444,2050
04_WI_01,NO5,65.3392991148957,2030
04_WI_01,NO5,95.65550345034049,2035
04_WI_01,NO5,127.958408176267,2040
04_WI_01,NO5,155.96024195776099,2045
04_WI_01,NO5,147.288165635784,2050
04_WI_02,NO1,66.6727541873442,2030
04_WI_02,NO1,97.60765657704209,2035
04_WI_02,NO1,130.56980425266698,2040
04_WI_02,NO1,159.14310402703,2045
04_WI_02,NO1,150.294046543816,2050
04_WI_02,NO2,65.339299104937,2030
04_WI_02,NO2,95.65550344814581,2035
04_WI_02,NO2,127.958408175495,2040
04_WI_02,NO2,156.486019669233,2045
04_WI_02,NO2,153.361271964036,2050
04_WI_02,NO3,64.0325131110758,2030
04_WI_02,NO3,94.4017887890169,2035
04_WI_02,NO3,127.77474006561799,2040
04_WI_02,NO3,154.013879135335,2045
04_WI_02,NO3,140.356820899123,2050
04_WI_02,NO4,62.7518628468094,2030
04_WI_02,NO4,92.5137531028076,2035
04_WI_02,NO4,125.21924539307099,2040
04_WI_02,NO4,150.933601761972,2045
04_WI_02,NO4,137.549684536518,2050
04_WI_02,NO5,65.3392991094329,2030
04_WI_02,NO5,95.6555034498724,2035
04_WI_02,NO5,127.958408172549,2040
04_WI_02,NO5,155.960241955697,2045
04_WI_02,NO5,147.288165627339,2050
04_WI_03,NO1,66.6727541613962,2030
04_WI_03,NO1,97.60765657696649,2035
04_WI_03,NO1,130.569804237821,2040
04_WI_03,NO1,159.14310402640598,2045
04_WI_03,NO1,150.294046543019,2050
04_WI_03,NO2,65.3392990801265,2030
04_WI_03,NO2,95.65550344812961,2035
04_WI_03,NO2,127.95840817474,2040
04_WI_03,NO2,156.48601963476202,2045
04_WI_03,NO2,153.36127196351399,2050
04_WI_03,NO3,64.03251311093871,2030
04_WI_03,NO3,94.4017887888845,2035
04_WI_03,NO3,127.77474006499001,2040
04_WI_03,NO3,153.75935010391999,2045
04_WI_03,NO3,140.085738888526,2050
04_WI_03,NO4,62.7518628464101,2030
04_WI_03,NO4,92.5137530998654,2035
04_WI_03,NO4,125.219245385952,2040
04_WI_03,NO4,150.684163053172,2045
04_WI_03,NO4,137.184024148116,2050
04_WI_03,NO5,65.3392991074623,2030
04_WI_03,NO5,95.6555034498252,2035
04_WI_03,NO5,127.95840816901901,2040
04_WI_03,NO5,155.960241955549,2045
04_WI_03,NO5,147.28816562702,2050
04_WI_04,NO1,66.6727541878734,2030
04_WI_04,NO1,97.6076565770939,2035
04_WI_04,NO1,130.56980425586,2040
04_WI_04,NO1,159.143104029119,2045
04_WI_04,NO1,150.294046542513,2050
04_WI_04,NO2,65.3392991055466,2030
04_WI_04,NO2,95.6555034481741,2035
04_WI_04,NO2,127.958408175799,2040
04_WI_04,NO2,156.486019633578,2045
04_WI_04,NO2,153.361271962815,2050
04_WI_04,NO3,64.0325131112587,2030
04_WI_04,NO3,94.40178878901989,2035
04_WI_04,NO3,127.77474006396601,2040
04_WI_04,NO3,154.013879135608,2045
04_WI_04,NO3,139.779923910071,2050
04_WI_04,NO4,62.7518628469323,2030
04_WI_04,NO4,92.51375309896021,2035
04_WI_04,NO4,125.21924538164801,2040
04_WI_04,NO4,151.299405297692,2045
04_WI_04,NO4,136.884325466978,2050
04_WI_04,NO5,65.3392991095914,2030
04_WI_04,NO5,95.6555034499027,2035
04_WI_04,NO5,127.95840817412599,2040
04_WI_04,NO5,155.960241956113,2045
04_WI_04,NO5,147.288165626918,2050
04_WI_05,NO1,66.67275419974439,2030
04_WI_05,NO1,97.6076565776279,2035
04_WI_05,NO1,130.56980425781902,2040
04_WI_05,NO1,159.14310403356401,2045
04_WI_05,NO1,150.294046564349,2050
04_WI_05,NO2,65.33929912457441,2030
04_WI_05,NO2,95.6555034483298,2035
04_WI_05,NO2,127.958408178145,2040
04_WI_05,NO2,156.486019633202,2045
04_WI_05,NO2,153.361271969815,2050
04_WI_05,NO3,64.0325131122607,2030
04_WI_05,NO3,94.40178878969479,2035
04_WI_05,NO3,127.77474006349401,2040
04_WI_05,NO3,154.013879134519,2045
04_WI_05,NO3,140.356820918519,2050
04_WI_05,NO4,62.751862848563405,2030
04_WI_05,NO4,92.513753104754,2035
04_WI_05,NO4,125.219245388492,2040
04_WI_05,NO4,152.32688214330602,2045
04_WI_05,NO4,138.091264578469,2050
04_WI_05,NO5,65.3392991163026,2030
04_WI_05,NO5,95.6555034502387,2035
04_WI_05,NO5,127.95840817532701,2040
04_WI_05,NO5,155.96024195739702,2045
04_WI_05,NO5,147.288165634388,2050
04_WI_06,NO1,66.6727542135821,2030
04_WI_06,NO1,97.6076565827363,2035
04_WI_06,NO1,131.077662219381,2040
04_WI_06,NO1,159.96543622021,2045
04_WI_06,NO1,154.735768515616,2050
04_WI_06,NO2,65.3392991319471,2030
04_WI_06,NO2,95.6555034503172,2035
04_WI_06,NO2,128.45610898417698,2040
04_WI_06,NO2,156.76612753437,2045
04_WI_06,NO2,154.735769196452,2050
04_WI_06,NO3,64.37947007540319,2030
04_WI_06,NO3,94.4017889061573,2035
04_WI_06,NO3,128.45610892956398,2040
04_WI_06,NO3,156.766127492193,2045
04_WI_06,NO3,145.907983498661,2050
04_WI_06,NO4,63.0918806753874,2030
04_WI_06,NO4,92.5137532861133,2035
04_WI_06,NO4,125.886986985209,2040
04_WI_06,NO4,153.63080581065998,2045
04_WI_06,NO4,145.907983221112,2050
04_WI_06,NO5,65.3392991304592,2030
04_WI_06,NO5,95.6555034538589,2035
04_WI_06,NO5,128.45610897086402,2040
04_WI_06,NO5,156.766127475074,2045
04_WI_06,NO5,151.641053121573,2050
04_WI_07,NO1,69.5892253206399,2030
04_WI_07,NO1,97.8919193861185,2035
04_WI_07,NO1,137.039787763856,2040
04_WI_07,NO1,170.441271039969,2045
04_WI_07,NO1,168.63086091112,2050
04_WI_07,NO2,68.19744081381,2030
04_WI_07,NO2,95.9340809968715,2035
04_WI_07,NO2,131.613011699121,2040
04_WI_07,NO2,161.958261161906,2045
04_WI_07,NO2,172.072306922388,2050
04_WI_07,NO3,67.23761183245679,2030
04_WI_07,NO3,94.6803668668704,2035
04_WI_07,NO3,134.298992101566,2040
04_WI_07,NO3,167.032445893395,2045
04_WI_07,NO3,161.278903767038,2050
04_WI_07,NO4,65.8928596008229,2030
04_WI_07,NO4,92.7867606809737,2035
04_WI_07,NO4,134.475814064898,2040
04_WI_07,NO4,170.441271039468,2045
04_WI_07,NO4,159.525173626205,2050
04_WI_07,NO5,68.197440814677,2030
04_WI_07,NO5,95.9340809980994,2035
04_WI_07,NO5,134.298991994121,2040
04_WI_07,NO5,165.26353181546799,2045
04_WI_07,NO5,165.25824367436502,2050
04_WI_08,NO1,71.7577568104245,2030
04_WI_08,NO1,100.80811238472299,2035
04_WI_08,NO1,135.729967605658,2040
04_WI_08,NO1,170.441270304164,2045
04_WI_08,NO1,165.611794881044,2050
04_WI_08,NO2,70.32260167298419,2030
04_WI_08,NO2,98.7919501313939,2035
04_WI_08,NO2,130.35506021987,2040
04_WI_08,NO2,160.819293621605,2045
04_WI_08,NO2,162.299559015044,2050
04_WI_08,NO3,69.36277261923969,2030
04_WI_08,NO3,99.6623145655877,2035
04_WI_08,NO3,133.01536837685902,2040
04_WI_08,NO3,167.032445455461,2045
04_WI_08,NO3,159.849689693785,2050
04_WI_08,NO4,67.9755171740876,2030
04_WI_08,NO4,99.6623141499807,2035
04_WI_08,NO4,134.47581468068398,2040
04_WI_08,NO4,170.44127055946998,2045
04_WI_08,NO4,159.849689585166,2050
04_WI_08,NO5,70.3226016749787,2030
04_WI_08,NO5,98.7919501371411,2035
04_WI_08,NO5,133.01536824152498,2040
04_WI_08,NO5,164.101320035311,2045
04_WI_08,NO5,162.299558950175,2050
04_WI_09,NO1,70.6474176479322,2030
04_WI_09,NO1,98.9480733623976,2035
04_WI_09,NO1,132.064726292904,2040
04_WI_09,NO1,162.845018153366,2045
04_WI_09,NO1,156.491093803106,2050
04_WI_09,NO2,69.2344692889769,2030
04_WI_09,NO2,96.9691118876284,2035
04_WI_09,NO2,127.95840817895801,2040
04_WI_09,NO2,156.486019628373,2045
04_WI_09,NO2,153.361271945055,2050
04_WI_09,NO3,68.7650576521701,2030
04_WI_09,NO3,98.5946222356138,2035
04_WI_09,NO3,131.405083204296,2040
04_WI_09,NO3,160.357033354983,2045
04_WI_09,NO3,153.001846103379,2050
04_WI_09,NO4,67.3897565074866,2030
04_WI_09,NO4,98.5946219908074,2035
04_WI_09,NO4,134.086819285497,2040
04_WI_09,NO4,163.629625397712,2045
04_WI_09,NO4,153.001846034225,2050
04_WI_09,NO5,69.2344692958864,2030
04_WI_09,NO5,96.969111895403,2035
04_WI_09,NO5,129.423431765091,2040
04_WI_09,NO5,159.58811777268699,2045
04_WI_09,NO5,153.361271904411,2050
04_WI_10,NO1,69.0554700601309,2030
04_WI_10,NO1,97.7806341251306,2035
04_WI_10,NO1,130.56980427388,2040
04_WI_10,NO1,160.179298386266,2045
04_WI_10,NO1,155.321736678299,2050
04_WI_10,NO2,67.67436065202159,2030
04_WI_10,NO2,95.8250214351046,2035
04_WI_10,NO2,127.95840817492699,2040
04_WI_10,NO2,156.486019623032,2045
04_WI_10,NO2,152.21530198148702,2050
04_WI_10,NO3,68.2529958802489,2030
04_WI_10,NO3,97.6171366749351,2035
04_WI_10,NO3,129.719564808492,2040
04_WI_10,NO3,157.744627968637,2045
04_WI_10,NO3,148.496821244121,2050
04_WI_10,NO4,66.8879359716933,2030
04_WI_10,NO4,97.6171364847099,2035
04_WI_10,NO4,132.366902584275,2040
04_WI_10,NO4,160.963905675821,2045
04_WI_10,NO4,148.49682109804002,2050
04_WI_10,NO5,67.6743606599164,2030
04_WI_10,NO5,95.8250214428722,2035
04_WI_10,NO5,127.95840818951699,2040
04_WI_10,NO5,156.975712399843,2045
04_WI_10,NO5,152.21530192211,2050
04_WI_11,NO1,67.9587644311019,2030
04_WI_11,NO1,97.6076566017917,2035
04_WI_11,NO1,130.569804269263,2040
04_WI_11,NO1,159.679540569672,2045
04_WI_11,NO1,151.52801692774,2050
04_WI_11,NO2,66.5995891360257,2030
04_WI_11,NO2,95.6555034558633,2035
04_WI_11,NO2,127.958408173236,2040
04_WI_11,NO2,156.485949767586,2045
04_WI_11,NO2,148.49745660558798,2050
04_WI_11,NO3,67.8079505237524,2030
04_WI_11,NO3,97.4278073551794,2035
04_WI_11,NO3,127.958408375257,2040
04_WI_11,NO3,156.485950028293,2045
04_WI_11,NO3,146.13180326480398,2050
04_WI_11,NO4,66.4517915223792,2030
04_WI_11,NO4,97.4278071795508,2035
04_WI_11,NO4,130.43404580459202,2040
04_WI_11,NO4,157.388149081215,2045
04_WI_11,NO4,146.131803166461,2050
04_WI_11,NO5,66.59958914345,2030
04_WI_11,NO5,95.65550347141149,2035
04_WI_11,NO5,127.95840818541998,2040
04_WI_11,NO5,156.48594974555598,2045
04_WI_11,NO5,148.497456571501,2050
04_WI_12,NO1,67.4596368735332,2030
04_WI_12,NO1,97.6076565973459,2035
04_WI_12,NO1,130.56980426869399,2040
04_WI_12,NO1,159.679534996613,2045
04_WI_12,NO1,151.219570448852,2050
04_WI_12,NO2,66.11044412917991,2030
04_WI_12,NO2,95.6555034511211,2035
04_WI_12,NO2,127.958408173164,2040
04_WI_12,NO2,156.48594430569898,2045
04_WI_12,NO2,148.195179049071,2050
04_WI_12,NO3,67.4596367608001,2030
04_WI_12,NO3,97.2590410129896,2035
04_WI_12,NO3,127.95840836500099,2040
04_WI_12,NO3,156.485944559017,2045
04_WI_12,NO3,145.986895399228,2050
04_WI_12,NO4,66.110444034356,2030
04_WI_12,NO4,97.25904080179001,2035
04_WI_12,NO4,130.263871143409,2040
04_WI_12,NO4,157.216139676837,2045
04_WI_12,NO4,145.986895297753,2050
04_WI_12,NO5,66.1104441373603,2030
04_WI_12,NO5,95.6555034672096,2035
04_WI_12,NO5,127.95840818488401,2040
04_WI_12,NO5,156.485944283692,2045
04_WI_12,NO5,148.195179021749,2050
04_WI_13,NO1,67.4936879783306,2030
04_WI_13,NO1,97.6076565969052,2035
04_WI_13,NO1,130.56980426898798,2040
04_WI_13,NO1,159.679535364368,2045
04_WI_13,NO1,151.918996537462,2050
04_WI_13,NO2,66.1438142136551,2030
04_WI_13,NO2,95.6555034511191,2035
04_WI_13,NO2,127.958408173205,2040
04_WI_13,NO2,156.485944666426,2045
04_WI_13,NO2,148.880616637412,2050
04_WI_13,NO3,67.49368772838321,2030
04_WI_13,NO3,96.963002725244,2035
04_WI_13,NO3,127.95840836823099,2040
04_WI_13,NO3,156.485944939606,2045
04_WI_13,NO3,147.887782864402,2050
04_WI_13,NO4,66.14381398228309,2030
04_WI_13,NO4,96.96300249103909,2035
04_WI_13,NO4,130.394116899553,2040
04_WI_13,NO4,157.993140989442,2045
04_WI_13,NO4,147.887782761187,2050
04_WI_13,NO5,66.1438142198127,2030
04_WI_13,NO5,95.6555034667592,2035
04_WI_13,NO5,127.958408185129,2040
04_WI_13,NO5,156.48594464411102,2045
04_WI_13,NO5,148.880616588603,2050
04_WI_14,NO1,68.0582786439311,2030
04_WI_14,NO1,97.6076566023855,2035
04_WI_14,NO1,130.56980427195,2040
04_WI_14,NO1,159.679611620772,2045
04_WI_14,NO1,154.954906955581,2050
04_WI_14,NO2,66.6971130672025,2030
04_WI_14,NO2,95.6555034559634,2035
04_WI_14,NO2,127.95840817345,2040
04_WI_14,NO2,156.48601939636302,2045
04_WI_14,NO2,151.855808840608,2050
04_WI_14,NO3,67.58247626812019,2030
04_WI_14,NO3,97.6076562736995,2035
04_WI_14,NO3,128.721281862517,2040
04_WI_14,NO3,156.486019872058,2045
04_WI_14,NO3,149.494267795535,2050
04_WI_14,NO4,66.2308267509702,2030
04_WI_14,NO4,97.6076561058558,2035
04_WI_14,NO4,131.348246525397,2040
04_WI_14,NO4,159.236929365112,2045
04_WI_14,NO4,149.494267692438,2050
04_WI_14,NO5,66.6971130718545,2030
04_WI_14,NO5,95.6555034721115,2035
04_WI_14,NO5,127.958408187739,2040
04_WI_14,NO5,156.486019375673,2045
04_WI_14,NO5,151.855808798823,2050
04_WI_15,NO1,69.5788401639974,2030
04_WI_15,NO1,98.9047792468549,2035
04_WI_15,NO1,132.453717665489,2040
04_WI_15,NO1,162.938379420304,2045
04_WI_15,NO1,156.491093839774,2050
04_WI_15,NO2,68.1872633575345,2030
04_WI_15,NO2,96.9266836547379,2035
04_WI_15,NO2,127.95840817691801,2040
04_WI_15,NO2,156.486019627334,2045
04_WI_15,NO2,153.36127197241302,2050
04_WI_15,NO3,68.0197765965013,2030
04_WI_15,NO3,98.9047791297505,2035
04_WI_15,NO3,131.786295238248,2040
04_WI_15,NO3,161.335152962536,2045
04_WI_15,NO3,157.17902716865999,2050
04_WI_15,NO4,66.6593810723896,2030
04_WI_15,NO4,99.040530688957,2035
04_WI_15,NO4,134.475810956094,2040
04_WI_15,NO4,164.627703307918,2045
04_WI_15,NO4,159.511131569531,2050
04_WI_15,NO5,68.1872633614548,2030
04_WI_15,NO5,96.9266836625817,2035
04_WI_15,NO5,129.80464331011498,2040
04_WI_15,NO5,159.679611796194,2045
04_WI_15,NO5,153.36127194605,2050
04_WI_16,NO1,72.17884674505329,2030
04_WI_16,NO1,102.31340397876001,2035
04_WI_16,NO1,133.586744113067,2040
04_WI_16,NO1,165.673129586562,2045
04_WI_16,NO1,170.268995116337,2050
04_WI_16,NO2,70.7352698110576,2030
04_WI_16,NO2,100.267135895651,2035
04_WI_16,NO2,130.91500922633298,2040
04_WI_16,NO2,162.35966698555,2045
04_WI_16,NO2,170.623236077379,2050
04_WI_16,NO3,69.4161566447257,2030
04_WI_16,NO3,99.6013433337787,2035
04_WI_16,NO3,132.896662157622,2040
04_WI_16,NO3,165.673128842355,2045
04_WI_16,NO3,162.85216806159798,2050
04_WI_16,NO4,68.0278335185227,2030
04_WI_16,NO4,99.60134290377461,2035
04_WI_16,NO4,135.60883591263,2040
04_WI_16,NO4,166.45773705179698,2045
04_WI_16,NO4,161.130545163994,2050
04_WI_16,NO5,70.7352698107276,2030
04_WI_16,NO5,100.267135899127,2035
04_WI_16,NO5,130.915009228536,2040
04_WI_16,NO5,162.359666979674,2045
04_WI_16,NO5,166.86361520295,2050
04_WI_17,NO1,73.9518156754183,2030
04_WI_17,NO1,102.92829849831101,2035
04_WI_17,NO1,135.80007779106,2040
04_WI_17,NO1,169.42200032737202,2045
04_WI_17,NO1,173.972482918695,2050
04_WI_17,NO2,72.47277936683369,2030
04_WI_17,NO2,100.869732526519,2035
04_WI_17,NO2,133.08407623069598,2040
04_WI_17,NO2,165.29465867526702,2045
04_WI_17,NO2,174.243969618403,2050
04_WI_17,NO3,70.0309348005008,2030
04_WI_17,NO3,100.279687378267,2035
04_WI_17,NO3,135.800076720639,2040
04_WI_17,NO3,169.421999973328,2045
04_WI_17,NO3,166.408997763374,2050
04_WI_17,NO4,68.63031611005161,2030
04_WI_17,NO4,100.279689125945,2035
04_WI_17,NO4,137.822170879468,2040
04_WI_17,NO4,170.206607831061,2045
04_WI_17,NO4,164.759963208582,2050
04_WI_17,NO5,72.4727793595036,2030
04_WI_17,NO5,100.869732528086,2035
04_WI_17,NO5,133.084076232838,2040
04_WI_17,NO5,166.033560306731,2045
04_WI_17,NO5,170.493033250639,2050
04_WI_18,NO1,73.9201925258439,2030
04_WI_18,NO1,102.930213406498,2035
04_WI_18,NO1,135.452001432978,2040
04_WI_18,NO1,166.832790398817,2045
04_WI_18,NO1,170.323490375435,2050
04_WI_18,NO2,72.4417886818526,2030
04_WI_18,NO2,100.871609138504,2035
04_WI_18,NO2,132.742961405329,2040
04_WI_18,NO2,163.496134583882,2045
04_WI_18,NO2,173.799479943494,2050
04_WI_18,NO3,69.9395005124961,2030
04_WI_18,NO3,99.6178947312451,2035
04_WI_18,NO3,133.653933166748,2040
04_WI_18,NO3,166.83278995912798,2045
04_WI_18,NO3,162.904505319229,2050
04_WI_18,NO4,68.54071050673811,2030
04_WI_18,NO4,97.6255379283741,2035
04_WI_18,NO4,136.381563467824,2040
04_WI_18,NO4,167.617397876631,2045
04_WI_18,NO4,161.18395033907,2050
04_WI_18,NO5,72.4417886726248,2030
04_WI_18,NO5,100.871609137875,2035
04_WI_18,NO5,132.742961401421,2040
04_WI_18,NO5,163.49613457724098,2045
04_WI_18,NO5,166.91702055794698,2050
04_WI_19,NO1,73.32143240136699,2030
04_WI_19,NO1,102.70341166058799,2035
04_WI_19,NO1,135.065354089176,2040
04_WI_19,NO1,167.031331055131,2045
04_WI_19,NO1,170.335104193478,2050
04_WI_19,NO2,71.8550037676327,2030
04_WI_19,NO2,100.649343431034,2035
04_WI_19,NO2,132.364047008961,2040
04_WI_19,NO2,163.690704426603,2045
04_WI_19,NO2,173.81133077643202,2050
04_WI_19,NO3,69.2443217910625,2030
04_WI_19,NO3,99.0892792706311,2035
04_WI_19,NO3,132.364047371765,2040
04_WI_19,NO3,167.031330701634,2045
04_WI_19,NO3,162.91565923324399,2050
04_WI_19,NO4,67.85943535904251,2030
04_WI_19,NO4,97.1074941947346,2035
04_WI_19,NO4,135.065350189952,2040
04_WI_19,NO4,167.815938541597,2045
04_WI_19,NO4,160.31619392192198,2050
04_WI_19,NO5,71.8550037504504,2030
04_WI_19,NO5,100.649343426757,2035
04_WI_19,NO5,132.364047004328,2040
04_WI_19,NO5,163.690704420318,2045
04_WI_19,NO5,166.928402100117,2050
04_WI_20,NO1,71.8682042712531,2030
04_WI_20,NO1,101.160071219592,2035
04_WI_20,NO1,133.948627781015,2040
04_WI_20,NO1,165.027380361609,2045
04_WI_20,NO1,162.264173717047,2050
04_WI_20,NO2,70.43084019585329,2030
04_WI_20,NO2,99.13686979983301,2035
04_WI_20,NO2,131.26965522833,2040
04_WI_20,NO2,161.72683276072001,2045
04_WI_20,NO2,165.575687460102,2050
04_WI_20,NO3,68.1022576113071,2030
04_WI_20,NO3,97.5402947298937,2035
04_WI_20,NO3,131.269655369845,2040
04_WI_20,NO3,161.726833017596,2045
04_WI_20,NO3,152.450924232509,2050
04_WI_20,NO4,66.7402124619136,2030
04_WI_20,NO4,95.5894891161118,2035
04_WI_20,NO4,128.644263372459,2040
04_WI_20,NO4,161.72683294905602,2045
04_WI_20,NO4,149.401905854479,2050
04_WI_20,NO5,70.4308401826676,2030
04_WI_20,NO5,99.1368697943995,2035
04_WI_20,NO5,131.269655222078,2040
04_WI_20,NO5,161.726832737802,2045
04_WI_20,NO5,159.018890224963,2050
04_WI_21,NO1,69.6705314043804,2030
04_WI_21,NO1,98.70818478318999,2035
04_WI_21,NO1,131.445676280118,2040
04_WI_21,NO1,163.517545730188,2045
04_WI_21,NO1,159.682272379825,2050
04_WI_21,NO2,68.2771207904115,2030
04_WI_21,NO2,96.734021091627,2035
04_WI_21,NO2,128.816762759314,2040
04_WI_21,NO2,160.247194829904,2045
04_WI_21,NO2,162.941094258079,2050
04_WI_21,NO3,66.51592627068581,2030
04_WI_21,NO3,95.4803065046297,2035
04_WI_21,NO3,128.816762828279,2040
04_WI_21,NO3,160.179416219783,2045
04_WI_21,NO3,149.869022870106,2050
04_WI_21,NO4,65.1856077470016,2030
04_WI_21,NO4,93.5707005610371,2035
04_WI_21,NO4,126.240428011664,2040
04_WI_21,NO4,160.17941596733002,2045
04_WI_21,NO4,146.87164254547298,2050
04_WI_21,NO5,68.2771207727952,2030
04_WI_21,NO5,96.73402108649671,2035
04_WI_21,NO5,128.81676275085098,2040
04_WI_21,NO5,160.247194797771,2045
04_WI_21,NO5,156.4886269132,2050
04_WI_22,NO1,67.7040996385696,2030
04_WI_22,NO1,97.60765658235121,2035
04_WI_22,NO1,130.639208319608,2040
04_WI_22,NO1,161.75211327846,2045
04_WI_22,NO1,154.102336637372,2050
04_WI_22,NO2,66.3500176537207,2030
04_WI_22,NO2,95.6555034511898,2035
04_WI_22,NO2,128.026424160734,2040
04_WI_22,NO2,158.729279878169,2045
04_WI_22,NO2,157.247282273961,2050
04_WI_22,NO3,65.390188526076,2030
04_WI_22,NO3,94.4017888850916,2035
04_WI_22,NO3,128.026424185727,2040
04_WI_22,NO3,157.632463379287,2045
04_WI_22,NO3,144.289086978089,2050
04_WI_22,NO4,64.08238475612771,2030
04_WI_22,NO4,92.5137532594106,2035
04_WI_22,NO4,125.46589596496999,2040
04_WI_22,NO4,157.632462995607,2045
04_WI_22,NO4,141.403305577777,2050
04_WI_22,NO5,66.3500176454262,2030
04_WI_22,NO5,95.6555034534601,2035
04_WI_22,NO5,128.026424149112,2040
04_WI_22,NO5,158.517070992251,2045
04_WI_22,NO5,151.02028988357898,2050
04_WI_23,NO1,66.6727542042302,2030
04_WI_23,NO1,97.607656580281,2035
04_WI_23,NO1,130.56980426372,2040
04_WI_23,NO1,160.33022141948499,2045
04_WI_23,NO1,150.294057868825,2050
04_WI_23,NO2,65.3392991298291,2030
04_WI_23,NO2,95.6555034497031,2035
04_WI_23,NO2,127.95840818220499,2040
04_WI_23,NO2,157.893686291573,2045
04_WI_23,NO2,153.361283529462,2050
04_WI_23,NO3,64.03251311308341,2030
04_WI_23,NO3,94.4017888690408,2035
04_WI_23,NO3,127.95840817641299,2040
04_WI_23,NO3,156.239009360962,2045
04_WI_23,NO3,140.470692006853,2050
04_WI_23,NO4,62.7518628507155,2030
04_WI_23,NO4,92.5137532226057,2035
04_WI_23,NO4,125.399240224452,2040
04_WI_23,NO4,156.23900843491498,2045
04_WI_23,NO4,140.470687250698,2050
04_WI_23,NO5,65.339299120024,2030
04_WI_23,NO5,95.6555034519326,2035
04_WI_23,NO5,127.958408179713,2040
04_WI_23,NO5,157.123616966153,2045
04_WI_23,NO5,147.28817668869002,2050
04_WI_24,NO1,66.6727541884173,2030
04_WI_24,NO1,97.6076565783975,2035
04_WI_24,NO1,130.569804260442,2040
04_WI_24,NO1,159.14310441938602,2045
04_WI_24,NO1,150.294046573315,2050
04_WI_24,NO2,65.3392991061114,2030
04_WI_24,NO2,95.6555034484404,2035
04_WI_24,NO2,127.958408180429,2040
04_WI_24,NO2,156.486019696438,2045
04_WI_24,NO2,153.361271987089,2050
04_WI_24,NO3,64.0325131116036,2030
04_WI_24,NO3,94.4017888532945,2035
04_WI_24,NO3,127.95840803915601,2040
04_WI_24,NO3,155.075634678861,2045
04_WI_24,NO3,140.356821022941,2050
04_WI_24,NO4,62.7518628480597,2030
04_WI_24,NO4,92.5137531778871,2035
04_WI_24,NO4,125.399240030803,2040
04_WI_24,NO4,152.326882841995,2045
04_WI_24,NO4,139.45481045571302,2050
04_WI_24,NO5,65.3392991097714,2030
04_WI_24,NO5,95.6555034506747,2035
04_WI_24,NO5,127.958408177166,2040
04_WI_24,NO5,155.960242311873,2045
04_WI_24,NO5,147.288165640041,2050
